age,weight_kg,height_cm,bmi,gender,goal,experience,workout_type,duration_min,calories_burned,weekly_frequency,bmi_category,age_group,fitness_score
54,85.7,179.1,26.72,male,flexibility,intermediate,Yoga + Stretching,44,165.9,4,Overweight,Middle-aged,104.6
44,97.3,171.3,33.16,female,endurance,intermediate,Running + Cycling,48,542.9,4,Obese,Middle-aged,123.0
30,73.0,177.4,23.2,male,endurance,beginner,Running + Cycling,33,301.1,3,Normal,Adult,79.6
58,85.0,176.1,27.41,male,flexibility,advanced,Yoga + Stretching,56,204.7,6,Overweight,Senior,147.5
23,108.3,167.5,38.6,female,muscle_gain,intermediate,Strength Training,41,383.0,4,Obese,Young,119.5
36,119.1,183.9,35.22,female,muscle_gain,intermediate,Strength Training,58,558.4,4,Obese,Adult,128.0
54,81.9,187.9,23.2,male,endurance,beginner,Running + Cycling,27,243.2,3,Normal,Middle-aged,70.8
34,48.7,150.7,21.44,female,muscle_gain,beginner,Strength Training,41,163.1,3,Normal,Adult,69.8
38,58.7,160.4,22.82,male,weight_loss,intermediate,Cardio + HIIT,53,298.7,5,Normal,Adult,122.4
26,46.8,185.7,13.57,male,weight_loss,intermediate,Cardio + HIIT,53,253.0,4,Underweight,Adult,117.8
26,100.5,169.3,35.06,female,weight_loss,beginner,Cardio + HIIT,38,389.5,4,Obese,Adult,85.0
39,73.2,183.1,21.83,male,general_fitness,beginner,Mixed Training,30,192.2,3,Normal,Adult,67.2
51,91.1,167.3,32.55,male,muscle_gain,beginner,Strength Training,27,183.5,3,Obese,Middle-aged,64.8
55,86.9,169.5,30.25,male,endurance,advanced,Running + Cycling,55,522.8,5,Obese,Senior,159.5
39,51.9,157.9,20.82,female,muscle_gain,advanced,Strength Training,70,289.1,6,Normal,Adult,161.9
18,79.3,162.9,29.88,male,weight_loss,advanced,Cardio + HIIT,58,487.5,5,Overweight,Young,161.0
37,63.7,180.3,19.6,female,muscle_gain,beginner,Strength Training,25,128.1,3,Normal,Adult,58.3
17,80.6,171.7,27.34,female,flexibility,advanced,Yoga + Stretching,71,304.7,5,Overweight,Young,163.5
39,62.3,188.7,17.5,male,endurance,beginner,Running + Cycling,42,312.4,4,Underweight,Adult,85.2
59,116.4,192.6,31.38,female,general_fitness,intermediate,Mixed Training,47,428.8,5,Obese,Senior,122.5
45,59.8,177.1,19.07,female,endurance,advanced,Running + Cycling,56,387.2,5,Normal,Middle-aged,160.0
53,126.7,187.9,35.89,male,endurance,beginner,Running + Cycling,42,588.7,4,Obese,Middle-aged,87.0
17,80.4,165.3,29.42,male,endurance,intermediate,Running + Cycling,55,588.7,4,Overweight,Young,126.5
36,116.9,170.7,40.12,male,general_fitness,beginner,Mixed Training,34,353.4,3,Obese,Adult,83.0
48,98.4,185.6,28.57,female,flexibility,beginner,Yoga + Stretching,32,143.3,4,Overweight,Middle-aged,63.3
27,107.5,169.3,37.51,female,weight_loss,intermediate,Cardio + HIIT,51,556.5,4,Obese,Adult,124.5
37,110.3,179.4,34.27,male,muscle_gain,intermediate,Strength Training,55,487.8,4,Obese,Adult,126.5
59,87.9,159.3,34.64,male,endurance,advanced,Running + Cycling,66,620.0,6,Obese,Senior,165.0
40,91.2,180.0,28.15,male,endurance,intermediate,Running + Cycling,50,541.5,5,Overweight,Middle-aged,124.0
64,88.7,193.1,23.79,female,weight_loss,intermediate,Cardio + HIIT,59,434.4,5,Normal,Senior,128.5
42,95.0,193.4,25.4,male,general_fitness,beginner,Mixed Training,43,352.0,4,Overweight,Middle-aged,87.5
57,47.5,186.2,13.7,female,general_fitness,beginner,Mixed Training,25,94.2,3,Underweight,Senior,54.9
43,78.6,187.3,22.41,male,weight_loss,advanced,Cardio + HIIT,57,418.9,5,Normal,Middle-aged,160.5
31,96.5,177.9,30.49,female,general_fitness,beginner,Mixed Training,36,316.9,3,Obese,Adult,82.7
30,95.8,179.2,29.83,male,weight_loss,intermediate,Cardio + HIIT,48,459.8,4,Overweight,Adult,123.0
62,112.4,156.7,45.77,female,weight_loss,beginner,Cardio + HIIT,45,424.9,3,Obese,Senior,88.5
59,100.7,172.2,33.96,male,weight_loss,intermediate,Cardio + HIIT,44,378.8,4,Obese,Senior,121.0
18,129.3,172.5,43.45,female,weight_loss,intermediate,Cardio + HIIT,40,548.2,4,Obese,Young,119.0
52,69.1,197.9,17.64,male,flexibility,beginner,Yoga + Stretching,34,104.5,3,Underweight,Middle-aged,60.4
22,75.5,171.6,25.64,male,weight_loss,beginner,Cardio + HIIT,41,321.9,4,Overweight,Young,85.7
36,77.6,177.5,24.63,male,weight_loss,intermediate,Cardio + HIIT,43,323.7,4,Normal,Adult,119.9
24,84.6,176.7,27.1,female,weight_loss,beginner,Cardio + HIIT,39,339.8,3,Overweight,Young,85.5
54,116.1,181.8,35.13,male,weight_loss,beginner,Cardio + HIIT,43,439.3,3,Obese,Middle-aged,87.5
33,65.0,187.4,18.51,male,weight_loss,intermediate,Cardio + HIIT,47,300.9,4,Normal,Adult,119.6
19,111.0,161.3,42.66,female,endurance,beginner,Running + Cycling,39,570.9,3,Obese,Young,85.5
40,79.5,176.4,25.55,female,weight_loss,advanced,Cardio + HIIT,61,460.7,6,Overweight,Middle-aged,162.5
29,96.2,191.3,26.29,male,general_fitness,intermediate,Mixed Training,54,478.6,5,Overweight,Adult,126.0
24,98.8,173.2,32.94,female,flexibility,beginner,Yoga + Stretching,32,162.8,4,Obese,Young,65.3
41,76.7,163.9,28.55,male,weight_loss,intermediate,Cardio + HIIT,49,355.2,4,Overweight,Middle-aged,123.5
17,88.6,182.7,26.54,female,general_fitness,intermediate,Mixed Training,57,493.0,4,Overweight,Young,127.5
35,80.1,191.2,21.91,female,weight_loss,beginner,Cardio + HIIT,28,218.7,3,Normal,Adult,68.9
43,50.9,153.2,21.69,male,weight_loss,intermediate,Cardio + HIIT,54,257.0,4,Normal,Middle-aged,118.7
62,82.2,188.8,23.06,female,weight_loss,beginner,Cardio + HIIT,35,241.7,4,Normal,Senior,74.7
22,53.3,191.1,14.6,male,muscle_gain,beginner,Strength Training,27,124.7,4,Underweight,Young,59.0
59,79.4,173.1,26.5,female,muscle_gain,beginner,Strength Training,39,220.6,3,Overweight,Senior,74.6
23,95.4,199.2,24.04,female,flexibility,beginner,Yoga + Stretching,27,133.3,3,Normal,Young,59.8
62,94.3,189.3,26.32,female,muscle_gain,beginner,Strength Training,39,257.4,4,Overweight,Senior,78.2
50,101.3,188.7,28.45,male,endurance,intermediate,Running + Cycling,45,512.8,5,Overweight,Middle-aged,121.5
29,53.1,187.4,15.12,male,weight_loss,intermediate,Cardio + HIIT,40,213.5,5,Underweight,Adult,107.4
32,100.4,157.5,40.47,male,flexibility,intermediate,Yoga + Stretching,53,263.4,5,Obese,Adult,118.8
51,71.5,160.9,27.62,female,weight_loss,advanced,Cardio + HIIT,70,447.9,6,Overweight,Middle-aged,166.0
55,78.9,173.2,26.3,female,weight_loss,advanced,Cardio + HIIT,55,379.7,6,Overweight,Senior,159.5
19,117.9,163.2,44.27,female,weight_loss,intermediate,Cardio + HIIT,60,746.3,5,Obese,Young,129.0
17,45.8,170.8,15.7,male,weight_loss,intermediate,Cardio + HIIT,56,273.2,4,Underweight,Young,121.3
21,95.0,194.4,25.14,female,muscle_gain,beginner,Strength Training,32,264.7,3,Overweight,Young,75.5
57,95.9,191.2,26.23,female,flexibility,advanced,Yoga + Stretching,72,298.6,6,Overweight,Senior,162.9
19,78.7,181.5,23.89,female,weight_loss,beginner,Cardio + HIIT,40,332.1,3,Normal,Young,86.0
44,65.1,192.9,17.5,male,endurance,beginner,Running + Cycling,30,227.0,4,Underweight,Middle-aged,70.7
33,64.9,189.2,18.13,male,endurance,intermediate,Running + Cycling,49,391.5,4,Underweight,Adult,123.5
41,120.1,171.4,40.88,female,general_fitness,beginner,Mixed Training,34,353.7,4,Obese,Middle-aged,83.0
59,82.6,160.1,32.23,female,weight_loss,beginner,Cardio + HIIT,29,204.8,3,Obese,Senior,68.0
49,73.1,175.7,23.68,male,muscle_gain,intermediate,Strength Training,51,281.2,5,Normal,Middle-aged,119.6
25,83.1,186.8,23.81,female,general_fitness,intermediate,Mixed Training,59,460.7,4,Normal,Adult,128.5
51,101.9,171.8,34.52,male,endurance,intermediate,Running + Cycling,56,638.4,4,Obese,Middle-aged,127.0
29,57.4,183.3,17.08,female,muscle_gain,advanced,Strength Training,68,326.9,6,Underweight,Adult,165.7
46,83.2,154.7,34.77,male,weight_loss,beginner,Cardio + HIIT,38,290.9,4,Obese,Middle-aged,81.1
63,95.0,187.4,27.05,male,weight_loss,beginner,Cardio + HIIT,27,214.2,4,Overweight,Senior,67.9
30,125.6,190.6,34.57,male,endurance,intermediate,Running + Cycling,51,800.0,4,Obese,Adult,124.5
23,66.5,185.3,19.37,male,endurance,beginner,Running + Cycling,44,378.6,3,Normal,Young,88.0
29,75.5,198.4,19.18,male,weight_loss,intermediate,Cardio + HIIT,57,432.5,4,Normal,Adult,127.5
38,77.2,191.3,21.1,female,endurance,beginner,Running + Cycling,36,333.5,3,Normal,Adult,84.0
55,96.5,195.2,25.33,male,endurance,intermediate,Running + Cycling,41,432.7,5,Overweight,Senior,119.5
36,75.3,196.7,19.46,male,muscle_gain,intermediate,Strength Training,41,249.6,5,Normal,Adult,111.5
31,90.3,190.1,24.99,male,endurance,intermediate,Running + Cycling,56,628.9,4,Normal,Adult,127.0
60,111.5,183.7,33.04,male,flexibility,intermediate,Yoga + Stretching,49,232.2,5,Obese,Senior,113.7
33,105.0,150.3,46.48,male,muscle_gain,intermediate,Strength Training,57,491.3,5,Obese,Adult,127.5
62,82.9,173.3,27.6,male,general_fitness,beginner,Mixed Training,43,274.5,4,Overweight,Senior,82.0
39,118.5,178.6,37.15,female,weight_loss,beginner,Cardio + HIIT,45,509.3,4,Obese,Adult,88.5
41,92.4,165.2,33.86,male,weight_loss,beginner,Cardio + HIIT,25,218.3,3,Obese,Middle-aged,67.3
40,90.9,165.9,33.03,female,weight_loss,intermediate,Cardio + HIIT,43,371.3,5,Obese,Middle-aged,120.5
60,47.9,198.1,12.21,male,weight_loss,beginner,Cardio + HIIT,28,114.0,4,Underweight,Senior,58.4
56,128.9,194.6,34.04,male,weight_loss,intermediate,Cardio + HIIT,41,459.8,5,Obese,Senior,119.5
44,55.5,192.5,14.98,male,weight_loss,beginner,Cardio + HIIT,43,221.9,3,Underweight,Middle-aged,76.7
30,64.6,170.3,22.27,female,flexibility,intermediate,Yoga + Stretching,60,193.8,5,Normal,Adult,115.4
60,49.4,150.7,21.75,female,weight_loss,advanced,Cardio + HIIT,66,277.1,5,Normal,Senior,159.7
16,99.4,154.0,41.91,female,endurance,beginner,Running + Cycling,34,452.0,3,Obese,Young,83.0
40,64.1,165.6,23.37,male,weight_loss,beginner,Cardio + HIIT,37,225.3,4,Normal,Middle-aged,74.0
22,60.3,150.8,26.52,female,general_fitness,beginner,Mixed Training,44,252.9,4,Overweight,Young,80.3
24,52.5,150.9,23.06,male,endurance,intermediate,Running + Cycling,54,365.0,4,Normal,Young,126.0
39,53.8,195.8,14.03,male,weight_loss,intermediate,Cardio + HIIT,42,215.8,4,Underweight,Adult,108.6
16,94.7,185.3,27.58,female,flexibility,beginner,Yoga + Stretching,44,222.9,3,Overweight,Young,77.3
59,103.5,165.4,37.83,male,muscle_gain,intermediate,Strength Training,52,383.5,4,Obese,Senior,125.0
23,78.8,156.6,32.13,female,flexibility,beginner,Yoga + Stretching,32,130.5,4,Obese,Young,62.0
39,85.8,175.6,27.83,male,muscle_gain,intermediate,Strength Training,46,314.1,4,Overweight,Adult,120.4
26,103.3,150.3,45.73,female,endurance,intermediate,Running + Cycling,47,619.0,5,Obese,Adult,122.5
32,46.5,196.9,11.99,female,flexibility,intermediate,Yoga + Stretching,57,131.2,5,Underweight,Adult,107.6
23,72.5,170.7,24.88,female,muscle_gain,beginner,Strength Training,33,206.4,3,Normal,Young,70.1
50,127.7,170.1,44.13,male,weight_loss,advanced,Cardio + HIIT,60,689.6,6,Obese,Middle-aged,162.0
50,94.3,169.5,32.82,male,flexibility,intermediate,Yoga + Stretching,43,182.5,4,Obese,Middle-aged,105.8
48,66.6,153.5,28.27,female,muscle_gain,beginner,Strength Training,39,197.0,3,Overweight,Middle-aged,72.2
20,89.3,181.9,26.99,male,muscle_gain,beginner,Strength Training,29,226.6,3,Overweight,Young,70.2
57,74.1,186.7,21.26,female,weight_loss,intermediate,Cardio + HIIT,44,282.0,5,Normal,Senior,116.2
54,90.2,183.8,26.7,female,muscle_gain,advanced,Strength Training,61,403.5,6,Overweight,Middle-aged,162.5
56,55.7,156.9,22.63,male,general_fitness,advanced,Mixed Training,63,279.9,5,Normal,Senior,158.5
43,56.3,178.9,17.59,female,weight_loss,intermediate,Cardio + HIIT,46,242.1,5,Underweight,Middle-aged,113.2
22,57.2,178.5,17.95,female,muscle_gain,advanced,Strength Training,63,312.3,6,Underweight,Young,161.7
24,124.9,193.4,33.39,male,endurance,beginner,Running + Cycling,44,707.6,4,Obese,Young,88.0
23,107.3,169.0,37.57,male,flexibility,beginner,Yoga + Stretching,34,188.8,4,Obese,Young,68.9
27,58.8,168.6,20.69,male,muscle_gain,advanced,Strength Training,58,288.5,6,Normal,Adult,156.8
49,61.0,180.9,18.64,male,muscle_gain,advanced,Strength Training,60,276.0,5,Normal,Middle-aged,156.6
48,107.1,181.7,32.44,female,general_fitness,intermediate,Mixed Training,53,473.5,5,Obese,Middle-aged,125.5
63,58.3,173.5,19.37,male,endurance,advanced,Running + Cycling,63,383.4,6,Normal,Senior,163.5
38,64.9,172.2,21.89,female,weight_loss,advanced,Cardio + HIIT,55,342.7,5,Normal,Adult,159.5
39,126.9,174.7,41.58,male,weight_loss,advanced,Cardio + HIIT,71,800.0,6,Obese,Adult,166.0
52,66.7,193.1,17.89,female,muscle_gain,advanced,Strength Training,67,331.4,6,Underweight,Middle-aged,165.5
50,101.2,173.1,33.77,female,weight_loss,advanced,Cardio + HIIT,61,555.6,6,Obese,Middle-aged,162.5
59,128.2,197.0,33.03,male,weight_loss,beginner,Cardio + HIIT,33,361.7,3,Obese,Senior,82.5
55,76.8,175.2,25.02,male,general_fitness,advanced,Mixed Training,65,400.4,6,Overweight,Senior,164.5
37,46.5,197.5,11.92,female,weight_loss,beginner,Cardio + HIIT,27,121.2,4,Underweight,Adult,58.6
42,65.8,191.6,17.92,female,endurance,advanced,Running + Cycling,66,510.3,5,Underweight,Middle-aged,165.0
50,115.6,168.1,40.91,male,weight_loss,intermediate,Cardio + HIIT,60,624.2,4,Obese,Middle-aged,129.0
16,118.5,193.2,31.75,male,flexibility,intermediate,Yoga + Stretching,42,266.3,5,Obese,Young,113.6
50,110.3,155.5,45.62,male,endurance,intermediate,Running + Cycling,54,670.1,4,Obese,Middle-aged,126.0
52,54.6,196.3,14.17,male,weight_loss,beginner,Cardio + HIIT,45,218.7,3,Underweight,Middle-aged,77.4
62,112.6,181.6,34.14,female,muscle_gain,beginner,Strength Training,34,268.0,3,Obese,Senior,76.8
29,123.1,152.7,52.79,female,weight_loss,advanced,Cardio + HIIT,55,680.4,6,Obese,Adult,159.5
18,96.1,182.2,28.95,male,general_fitness,advanced,Mixed Training,68,635.0,6,Overweight,Young,166.0
16,125.0,198.7,31.66,female,general_fitness,beginner,Mixed Training,44,539.5,3,Obese,Young,88.0
20,115.3,153.5,48.93,male,muscle_gain,advanced,Strength Training,60,605.3,5,Obese,Young,162.0
41,101.7,177.7,32.21,female,muscle_gain,advanced,Strength Training,56,448.5,5,Obese,Middle-aged,160.0
29,94.1,187.4,26.79,male,muscle_gain,intermediate,Strength Training,47,370.4,4,Overweight,Adult,122.5
54,74.6,190.5,20.56,male,endurance,beginner,Running + Cycling,25,205.2,4,Normal,Middle-aged,66.0
42,58.5,170.7,20.08,male,muscle_gain,advanced,Strength Training,58,265.8,5,Normal,Middle-aged,154.6
24,96.4,160.2,37.56,male,weight_loss,intermediate,Cardio + HIIT,43,427.0,5,Obese,Young,120.5
30,72.0,152.1,31.12,female,muscle_gain,advanced,Strength Training,59,354.0,5,Obese,Adult,161.5
30,118.6,179.0,37.02,female,weight_loss,advanced,Cardio + HIIT,74,800.0,6,Obese,Adult,166.0
41,129.4,172.6,43.44,male,endurance,advanced,Running + Cycling,63,800.0,6,Obese,Middle-aged,163.5
57,109.0,197.4,27.97,female,weight_loss,intermediate,Cardio + HIIT,52,490.3,4,Overweight,Senior,125.0
28,52.7,153.0,22.51,male,endurance,beginner,Running + Cycling,42,279.4,4,Normal,Adult,81.9
47,69.5,184.3,20.46,female,weight_loss,beginner,Cardio + HIIT,41,260.7,4,Normal,Middle-aged,79.6
54,54.3,151.2,23.75,male,weight_loss,beginner,Cardio + HIIT,25,119.5,4,Normal,Middle-aged,57.4
64,100.3,158.6,39.87,male,endurance,beginner,Running + Cycling,39,405.8,3,Obese,Senior,85.5
47,110.0,172.7,36.88,male,general_fitness,intermediate,Mixed Training,41,378.3,5,Obese,Middle-aged,119.5
19,123.7,172.7,41.47,female,flexibility,intermediate,Yoga + Stretching,55,358.9,5,Obese,Young,126.5
45,82.2,184.3,24.2,female,weight_loss,advanced,Cardio + HIIT,74,562.7,5,Normal,Middle-aged,166.0
52,121.6,195.5,31.82,male,weight_loss,beginner,Cardio + HIIT,29,313.8,3,Obese,Middle-aged,78.9
38,119.6,182.0,36.11,male,general_fitness,intermediate,Mixed Training,58,610.4,5,Obese,Adult,128.0
54,72.0,197.7,18.42,male,muscle_gain,beginner,Strength Training,29,153.1,4,Underweight,Middle-aged,62.8
60,118.9,194.1,31.56,female,weight_loss,beginner,Cardio + HIIT,26,262.8,3,Obese,Senior,72.3
30,76.9,179.2,23.95,female,general_fitness,beginner,Mixed Training,31,218.5,3,Normal,Adult,70.4
58,70.2,191.7,19.1,male,flexibility,intermediate,Yoga + Stretching,42,126.8,5,Normal,Senior,99.7
44,100.2,182.1,30.22,male,general_fitness,beginner,Mixed Training,41,350.2,4,Obese,Middle-aged,86.5
51,72.9,153.9,30.78,female,general_fitness,intermediate,Mixed Training,42,251.2,4,Obese,Middle-aged,112.1
28,98.6,187.0,28.2,male,general_fitness,beginner,Mixed Training,37,337.8,3,Overweight,Adult,84.5
47,96.8,154.7,40.45,male,weight_loss,advanced,Cardio + HIIT,61,540.3,6,Obese,Middle-aged,162.5
22,92.9,179.7,28.77,male,weight_loss,advanced,Cardio + HIIT,57,550.7,6,Overweight,Young,160.5
37,77.3,185.1,22.56,male,endurance,advanced,Running + Cycling,69,643.4,5,Normal,Adult,166.0
43,91.6,153.3,38.98,male,muscle_gain,advanced,Strength Training,72,513.9,6,Obese,Middle-aged,166.0
17,95.7,161.5,36.69,female,muscle_gain,advanced,Strength Training,64,543.6,6,Obese,Young,164.0
57,91.4,195.8,23.84,male,muscle_gain,advanced,Strength Training,61,401.9,6,Normal,Senior,162.5
60,82.8,180.8,25.33,female,muscle_gain,intermediate,Strength Training,48,281.5,5,Overweight,Senior,118.2
21,46.2,162.3,17.54,male,endurance,beginner,Running + Cycling,29,175.0,3,Underweight,Young,65.0
43,94.9,184.5,27.88,female,weight_loss,beginner,Cardio + HIIT,44,390.4,3,Overweight,Middle-aged,88.0
43,59.3,179.8,18.34,female,weight_loss,beginner,Cardio + HIIT,32,177.4,4,Underweight,Middle-aged,66.7
59,99.6,175.1,32.49,female,muscle_gain,intermediate,Strength Training,53,376.1,5,Obese,Senior,125.5
59,109.5,198.8,27.71,male,endurance,intermediate,Running + Cycling,43,503.2,5,Overweight,Senior,120.5
35,87.5,184.2,25.79,male,weight_loss,advanced,Cardio + HIIT,74,631.3,6,Overweight,Adult,166.0
45,91.1,168.8,31.97,male,muscle_gain,advanced,Strength Training,68,477.5,5,Obese,Middle-aged,166.0
26,125.9,190.0,34.88,female,endurance,intermediate,Running + Cycling,51,800.0,5,Obese,Adult,124.5
43,117.0,194.2,31.02,male,muscle_gain,intermediate,Strength Training,41,373.8,5,Obese,Middle-aged,119.5
40,122.7,156.3,50.23,female,weight_loss,advanced,Cardio + HIIT,67,781.0,5,Obese,Middle-aged,165.5
54,114.2,160.0,44.61,female,muscle_gain,beginner,Strength Training,25,209.4,3,Obese,Middle-aged,66.4
48,54.3,160.8,21.0,male,weight_loss,advanced,Cardio + HIIT,74,365.7,6,Normal,Middle-aged,166.0
16,57.7,184.6,16.93,female,general_fitness,beginner,Mixed Training,31,175.4,3,Underweight,Young,66.0
42,89.8,180.2,27.65,male,weight_loss,intermediate,Cardio + HIIT,48,405.2,4,Overweight,Middle-aged,123.0
28,65.9,180.9,20.14,male,endurance,beginner,Running + Cycling,41,341.1,4,Normal,Adult,86.5
56,85.5,197.0,22.03,male,weight_loss,advanced,Cardio + HIIT,75,557.9,6,Normal,Senior,166.0
18,78.5,188.8,22.02,female,muscle_gain,intermediate,Strength Training,52,360.6,4,Normal,Young,125.0
54,91.7,156.4,37.49,male,endurance,beginner,Running + Cycling,34,343.0,4,Obese,Middle-aged,83.0
21,108.5,167.4,38.72,female,weight_loss,beginner,Cardio + HIIT,40,453.5,3,Obese,Young,86.0
23,105.8,171.8,35.85,male,muscle_gain,intermediate,Strength Training,45,410.6,4,Obese,Young,121.5
42,89.3,169.8,30.97,male,weight_loss,advanced,Cardio + HIIT,70,587.6,5,Obese,Middle-aged,166.0
24,114.9,183.5,34.12,female,muscle_gain,advanced,Strength Training,65,641.0,6,Obese,Young,164.5
52,81.6,194.6,21.55,male,endurance,intermediate,Running + Cycling,59,535.6,5,Normal,Middle-aged,128.5
48,121.2,165.3,44.36,male,muscle_gain,beginner,Strength Training,27,248.2,3,Obese,Middle-aged,71.3
57,51.1,177.6,16.2,female,general_fitness,intermediate,Mixed Training,48,194.5,4,Underweight,Senior,109.4
59,126.1,189.5,35.12,male,endurance,intermediate,Running + Cycling,54,727.8,5,Obese,Senior,126.0
39,100.6,170.8,34.48,male,muscle_gain,advanced,Strength Training,67,536.4,5,Obese,Adult,165.5
30,77.3,158.4,30.81,male,weight_loss,beginner,Cardio + HIIT,34,262.8,3,Obese,Adult,76.3
47,61.8,173.7,20.48,male,muscle_gain,intermediate,Strength Training,59,278.0,5,Normal,Middle-aged,123.3
47,85.7,152.8,36.71,female,flexibility,intermediate,Yoga + Stretching,52,203.9,5,Obese,Middle-aged,112.4
39,61.5,197.1,15.83,female,weight_loss,advanced,Cardio + HIIT,71,417.0,6,Underweight,Adult,166.0
56,59.1,153.7,25.02,male,flexibility,advanced,Yoga + Stretching,61,156.8,6,Overweight,Senior,145.2
64,97.5,171.9,33.0,male,weight_loss,advanced,Cardio + HIIT,60,485.6,5,Obese,Senior,162.0
64,89.5,176.5,28.73,male,flexibility,intermediate,Yoga + Stretching,52,193.1,5,Overweight,Senior,111.3
27,102.0,199.3,25.68,female,weight_loss,beginner,Cardio + HIIT,41,424.5,4,Overweight,Adult,86.5
54,124.0,158.3,49.48,male,general_fitness,advanced,Mixed Training,69,690.2,5,Obese,Middle-aged,166.0
17,90.2,155.7,37.21,male,muscle_gain,intermediate,Strength Training,43,344.2,4,Obese,Young,120.5
18,94.4,150.4,41.73,female,weight_loss,beginner,Cardio + HIIT,39,390.2,3,Obese,Young,85.5
64,52.6,157.8,21.12,female,weight_loss,beginner,Cardio + HIIT,38,165.9,4,Normal,Senior,68.6
52,106.0,160.4,41.2,male,muscle_gain,advanced,Strength Training,75,589.6,5,Obese,Middle-aged,166.0
64,79.0,181.5,23.98,male,general_fitness,beginner,Mixed Training,35,210.4,4,Normal,Senior,71.5
32,128.0,161.0,49.38,male,weight_loss,intermediate,Cardio + HIIT,43,544.9,4,Obese,Adult,120.5
64,115.0,151.0,50.44,male,weight_loss,intermediate,Cardio + HIIT,42,400.9,5,Obese,Senior,120.0
17,89.4,191.3,24.43,female,endurance,beginner,Running + Cycling,26,309.4,3,Normal,Young,76.9
17,55.5,168.3,19.59,female,muscle_gain,beginner,Strength Training,44,216.7,4,Normal,Young,76.7
43,118.1,167.7,41.99,female,muscle_gain,advanced,Strength Training,64,588.9,6,Obese,Middle-aged,164.0
38,113.0,165.1,41.46,male,endurance,advanced,Running + Cycling,67,800.0,5,Obese,Adult,165.5
52,60.7,198.8,15.36,male,weight_loss,beginner,Cardio + HIIT,44,237.7,3,Underweight,Middle-aged,78.8
47,70.1,158.5,27.9,male,general_fitness,advanced,Mixed Training,75,441.0,6,Overweight,Middle-aged,166.0
48,112.4,194.9,29.59,male,muscle_gain,advanced,Strength Training,72,613.7,5,Overweight,Middle-aged,166.0
16,60.7,188.8,17.03,female,weight_loss,intermediate,Cardio + HIIT,60,389.7,5,Underweight,Young,129.0
34,123.0,153.8,52.0,male,endurance,intermediate,Running + Cycling,55,800.0,5,Obese,Adult,126.5
17,81.1,199.3,20.42,male,endurance,advanced,Running + Cycling,65,701.8,6,Normal,Young,164.5
59,52.4,163.6,19.58,male,muscle_gain,intermediate,Strength Training,49,182.9,4,Normal,Senior,108.8
41,114.3,154.9,47.64,male,endurance,beginner,Running + Cycling,33,445.6,4,Obese,Middle-aged,82.5
47,76.7,191.5,20.91,male,weight_loss,advanced,Cardio + HIIT,66,463.2,6,Normal,Middle-aged,165.0
21,89.8,185.3,26.15,female,muscle_gain,intermediate,Strength Training,58,453.6,5,Overweight,Young,128.0
47,54.5,180.9,16.65,male,general_fitness,beginner,Mixed Training,25,114.3,4,Underweight,Middle-aged,56.9
19,45.2,157.8,18.15,female,weight_loss,intermediate,Cardio + HIIT,57,271.8,4,Underweight,Young,121.7
26,99.2,173.9,32.8,male,muscle_gain,intermediate,Strength Training,53,446.9,4,Obese,Adult,125.5
32,88.8,189.0,24.86,male,flexibility,advanced,Yoga + Stretching,75,329.7,6,Normal,Adult,166.0
53,95.5,165.2,34.99,female,general_fitness,intermediate,Mixed Training,40,309.9,4,Obese,Middle-aged,117.0
39,112.5,165.6,41.02,male,muscle_gain,beginner,Strength Training,41,367.1,3,Obese,Adult,86.5
20,100.0,150.2,44.33,female,muscle_gain,intermediate,Strength Training,50,437.5,5,Obese,Young,124.0
49,59.9,158.7,23.78,male,endurance,intermediate,Running + Cycling,59,399.8,4,Normal,Middle-aged,128.5
21,75.7,193.8,20.16,male,general_fitness,beginner,Mixed Training,39,282.8,3,Normal,Young,80.8
37,122.0,172.1,41.19,female,general_fitness,intermediate,Mixed Training,43,464.1,4,Obese,Adult,120.5
26,110.4,199.2,27.82,female,weight_loss,advanced,Cardio + HIIT,69,777.0,5,Overweight,Adult,166.0
63,92.3,169.8,32.01,female,muscle_gain,beginner,Strength Training,38,244.1,3,Obese,Senior,76.4
31,66.7,185.8,19.32,female,muscle_gain,intermediate,Strength Training,40,221.2,4,Normal,Adult,108.1
48,70.7,164.1,26.25,male,flexibility,beginner,Yoga + Stretching,33,106.2,4,Overweight,Middle-aged,60.1
24,107.2,168.2,37.89,female,endurance,beginner,Running + Cycling,31,427.9,3,Obese,Young,81.5
21,117.3,159.5,46.11,female,endurance,beginner,Running + Cycling,35,536.3,4,Obese,Young,83.5
31,102.1,167.4,36.43,male,general_fitness,beginner,Mixed Training,26,242.1,4,Obese,Adult,70.2
44,113.8,177.4,36.16,male,weight_loss,advanced,Cardio + HIIT,56,592.7,6,Obese,Middle-aged,160.0
18,110.2,199.6,27.66,female,weight_loss,beginner,Cardio + HIIT,30,350.4,3,Overweight,Young,81.0
35,57.7,183.2,17.19,male,muscle_gain,intermediate,Strength Training,58,271.9,4,Underweight,Adult,122.2
51,81.0,160.0,31.64,male,muscle_gain,beginner,Strength Training,44,265.8,4,Obese,Middle-aged,81.6
34,58.0,152.2,25.04,female,weight_loss,advanced,Cardio + HIIT,68,386.5,6,Overweight,Adult,166.0
41,65.0,156.3,26.61,male,weight_loss,intermediate,Cardio + HIIT,42,258.0,5,Overweight,Middle-aged,112.8
18,118.9,178.1,37.48,male,endurance,intermediate,Running + Cycling,46,724.7,4,Obese,Young,122.0
34,85.2,188.3,24.03,female,general_fitness,beginner,Mixed Training,31,237.3,3,Normal,Adult,72.2
35,90.5,197.0,23.32,male,muscle_gain,intermediate,Strength Training,43,316.2,4,Normal,Adult,119.1
47,60.2,150.8,26.47,female,muscle_gain,beginner,Strength Training,29,133.1,4,Overweight,Middle-aged,60.8
22,71.5,176.1,23.06,male,weight_loss,advanced,Cardio + HIIT,71,528.0,5,Normal,Young,166.0
56,64.6,173.5,21.46,male,flexibility,intermediate,Yoga + Stretching,43,120.8,4,Normal,Senior,99.6
48,62.5,182.8,18.7,male,flexibility,intermediate,Yoga + Stretching,52,147.9,5,Normal,Middle-aged,106.8
55,99.2,178.0,31.31,female,endurance,intermediate,Running + Cycling,55,596.8,4,Obese,Senior,126.5
54,66.8,184.4,19.65,male,weight_loss,beginner,Cardio + HIIT,40,235.1,4,Normal,Middle-aged,76.5
33,98.7,182.9,29.5,male,weight_loss,intermediate,Cardio + HIIT,41,398.6,4,Overweight,Adult,119.5
55,50.0,155.9,20.57,male,weight_loss,intermediate,Cardio + HIIT,57,249.4,5,Normal,Senior,119.4
16,57.1,190.0,15.82,male,endurance,intermediate,Running + Cycling,40,305.5,4,Underweight,Young,116.6
26,68.3,156.2,27.99,male,flexibility,intermediate,Yoga + Stretching,57,198.5,5,Overweight,Adult,114.4
43,95.7,184.9,27.99,male,general_fitness,beginner,Mixed Training,32,262.5,3,Overweight,Middle-aged,75.2
40,102.4,170.8,35.1,male,muscle_gain,beginner,Strength Training,35,283.7,4,Obese,Middle-aged,78.9
38,82.6,175.7,26.76,male,flexibility,advanced,Yoga + Stretching,69,273.6,6,Overweight,Adult,160.4
46,82.9,195.2,21.76,female,general_fitness,intermediate,Mixed Training,55,384.5,4,Normal,Middle-aged,126.5
45,106.6,194.5,28.18,female,weight_loss,intermediate,Cardio + HIIT,56,552.2,4,Overweight,Middle-aged,127.0
57,46.3,190.9,12.7,male,muscle_gain,advanced,Strength Training,71,237.0,6,Underweight,Senior,156.7
50,74.0,175.5,24.03,male,general_fitness,beginner,Mixed Training,36,219.8,3,Normal,Middle-aged,73.0
22,114.6,186.8,32.84,female,muscle_gain,advanced,Strength Training,64,635.6,6,Obese,Young,164.0
31,96.3,175.6,31.23,female,general_fitness,advanced,Mixed Training,74,650.0,6,Obese,Adult,166.0
41,73.7,193.5,19.68,male,general_fitness,advanced,Mixed Training,60,383.1,5,Normal,Middle-aged,162.0
63,122.0,170.1,42.16,female,endurance,advanced,Running + Cycling,62,789.5,5,Obese,Senior,163.0
64,110.7,198.5,28.09,male,flexibility,beginner,Yoga + Stretching,37,170.0,3,Overweight,Senior,68.5
17,67.5,196.6,17.46,male,endurance,beginner,Running + Cycling,26,233.6,4,Underweight,Young,69.4
16,99.8,187.1,28.51,male,endurance,intermediate,Running + Cycling,58,774.2,5,Overweight,Young,128.0
63,95.6,164.0,35.54,female,muscle_gain,beginner,Strength Training,34,226.2,3,Obese,Senior,72.6
27,79.1,156.6,32.25,male,weight_loss,beginner,Cardio + HIIT,28,224.8,4,Obese,Adult,69.5
20,76.2,192.7,20.52,female,muscle_gain,advanced,Strength Training,66,440.1,6,Normal,Young,165.0
52,74.2,158.3,29.61,male,endurance,beginner,Running + Cycling,42,346.7,3,Overweight,Middle-aged,87.0
47,97.5,192.7,26.26,male,weight_loss,advanced,Cardio + HIIT,61,544.2,6,Overweight,Middle-aged,162.5
24,82.6,174.5,27.13,male,weight_loss,advanced,Cardio + HIIT,74,629.6,6,Overweight,Young,166.0
56,115.7,170.3,39.89,female,weight_loss,advanced,Cardio + HIIT,58,583.8,6,Obese,Senior,161.0
50,101.9,195.2,26.74,male,endurance,advanced,Running + Cycling,61,699.3,5,Overweight,Middle-aged,162.5
34,50.9,180.2,15.68,male,general_fitness,advanced,Mixed Training,64,292.6,5,Underweight,Adult,160.3
63,99.4,178.8,31.09,male,general_fitness,advanced,Mixed Training,69,525.0,6,Obese,Senior,166.0
31,68.0,177.9,21.49,female,muscle_gain,intermediate,Strength Training,51,287.6,4,Normal,Adult,120.3
18,95.4,168.6,33.56,male,general_fitness,beginner,Mixed Training,25,231.7,4,Obese,Young,68.7
35,102.8,189.3,28.69,male,endurance,advanced,Running + Cycling,74,800.0,5,Overweight,Adult,166.0
39,64.6,162.6,24.43,male,muscle_gain,advanced,Strength Training,72,370.2,6,Normal,Adult,166.0
48,83.8,196.9,21.61,female,endurance,intermediate,Running + Cycling,55,524.3,5,Normal,Middle-aged,126.5
39,61.2,194.7,16.14,female,weight_loss,beginner,Cardio + HIIT,29,169.5,4,Underweight,Adult,64.4
26,49.4,166.9,17.73,female,general_fitness,intermediate,Mixed Training,58,267.9,5,Underweight,Adult,121.8
64,77.2,186.5,22.2,male,muscle_gain,beginner,Strength Training,28,149.5,3,Normal,Senior,62.0
23,75.9,178.7,23.77,male,muscle_gain,advanced,Strength Training,60,392.8,6,Normal,Young,162.0
51,129.6,166.9,46.53,female,endurance,advanced,Running + Cycling,71,800.0,6,Obese,Middle-aged,166.0
53,82.9,199.4,20.85,male,muscle_gain,beginner,Strength Training,31,189.5,3,Normal,Middle-aged,67.4
55,73.4,151.3,32.06,male,weight_loss,intermediate,Cardio + HIIT,46,295.4,4,Obese,Senior,118.5
35,94.3,162.6,35.67,male,endurance,beginner,Running + Cycling,33,379.3,4,Obese,Adult,82.5
50,52.5,176.0,16.95,female,weight_loss,intermediate,Cardio + HIIT,52,245.7,5,Underweight,Middle-aged,116.6
63,126.7,176.1,40.86,male,endurance,beginner,Running + Cycling,44,581.9,3,Obese,Senior,88.0
40,99.0,179.4,30.76,female,muscle_gain,intermediate,Strength Training,53,415.4,5,Obese,Middle-aged,125.5
50,109.2,187.6,31.03,female,endurance,beginner,Running + Cycling,40,491.4,4,Obese,Middle-aged,86.0
40,59.5,181.2,18.12,male,endurance,beginner,Running + Cycling,33,233.2,4,Underweight,Middle-aged,72.8
44,79.8,180.0,24.63,male,muscle_gain,intermediate,Strength Training,54,334.0,5,Normal,Middle-aged,126.0
33,80.9,152.7,34.7,female,endurance,beginner,Running + Cycling,29,288.9,4,Obese,Adult,76.4
61,114.9,168.8,40.33,female,endurance,intermediate,Running + Cycling,57,691.8,5,Obese,Senior,127.5
33,45.1,161.6,17.27,female,flexibility,beginner,Yoga + Stretching,45,100.0,4,Underweight,Adult,65.5
17,70.6,163.3,26.47,female,endurance,intermediate,Running + Cycling,59,554.5,5,Overweight,Young,128.5
50,128.4,177.7,40.66,male,general_fitness,advanced,Mixed Training,62,656.8,6,Obese,Middle-aged,163.0
31,85.4,160.0,33.36,female,weight_loss,advanced,Cardio + HIIT,69,586.3,5,Obese,Adult,166.0
56,77.5,164.7,28.57,male,muscle_gain,advanced,Strength Training,75,421.4,5,Overweight,Senior,166.0
51,55.2,161.9,21.06,female,general_fitness,advanced,Mixed Training,63,285.3,5,Normal,Middle-aged,159.0
48,127.8,197.4,32.8,female,muscle_gain,beginner,Strength Training,43,416.7,4,Obese,Middle-aged,87.5
19,46.7,197.2,12.01,female,weight_loss,beginner,Cardio + HIIT,30,147.8,4,Underweight,Young,62.8
48,107.7,180.5,33.06,female,muscle_gain,intermediate,Strength Training,43,351.2,5,Obese,Middle-aged,120.5
29,110.3,196.2,28.65,female,weight_loss,advanced,Cardio + HIIT,65,720.5,5,Overweight,Adult,164.5
36,65.7,189.3,18.33,male,weight_loss,advanced,Cardio + HIIT,64,407.9,5,Underweight,Adult,164.0
63,102.1,179.5,31.69,female,general_fitness,beginner,Mixed Training,27,211.0,4,Obese,Senior,67.6
35,52.9,150.3,23.42,male,muscle_gain,beginner,Strength Training,25,107.5,3,Normal,Adult,56.2
23,66.8,188.6,18.78,male,weight_loss,beginner,Cardio + HIIT,36,248.9,3,Normal,Young,75.9
22,112.0,185.1,32.69,male,general_fitness,advanced,Mixed Training,69,736.7,6,Obese,Young,166.0
18,118.5,180.8,36.25,male,general_fitness,intermediate,Mixed Training,54,621.8,5,Obese,Young,126.0
32,96.7,188.0,27.36,female,muscle_gain,beginner,Strength Training,45,359.0,3,Overweight,Adult,88.5
48,88.1,175.6,28.57,female,weight_loss,intermediate,Cardio + HIIT,53,424.9,5,Overweight,Middle-aged,125.5
63,58.5,185.2,17.06,male,flexibility,intermediate,Yoga + Stretching,46,112.3,4,Underweight,Senior,100.2
27,50.4,196.8,13.01,male,endurance,advanced,Running + Cycling,71,454.0,5,Underweight,Adult,166.0
37,55.0,168.8,19.3,male,endurance,beginner,Running + Cycling,43,285.3,3,Normal,Adult,83.0
37,64.3,185.4,18.71,female,general_fitness,advanced,Mixed Training,61,347.0,6,Normal,Adult,162.5
61,74.0,173.8,24.5,male,endurance,intermediate,Running + Cycling,42,328.3,4,Normal,Senior,119.8
45,77.4,183.7,22.94,female,weight_loss,advanced,Cardio + HIIT,57,408.1,5,Normal,Middle-aged,160.5
53,74.4,188.1,21.03,female,endurance,advanced,Running + Cycling,72,592.6,6,Normal,Middle-aged,166.0
53,65.3,152.3,28.15,male,muscle_gain,beginner,Strength Training,44,211.9,4,Overweight,Middle-aged,76.2
60,88.3,182.3,26.57,female,flexibility,beginner,Yoga + Stretching,38,142.6,3,Overweight,Senior,66.3
23,115.1,161.3,44.24,female,endurance,intermediate,Running + Cycling,42,625.4,5,Obese,Young,120.0
42,68.8,183.5,20.43,female,weight_loss,beginner,Cardio + HIIT,31,200.5,4,Normal,Middle-aged,68.6
42,125.1,173.4,41.61,male,muscle_gain,advanced,Strength Training,61,597.8,5,Obese,Middle-aged,162.5
49,119.2,188.7,33.48,male,muscle_gain,intermediate,Strength Training,44,395.5,5,Obese,Middle-aged,121.0
36,58.7,156.2,24.06,female,muscle_gain,advanced,Strength Training,57,270.5,5,Normal,Adult,154.6
45,111.8,181.3,34.01,male,endurance,beginner,Running + Cycling,42,542.9,4,Obese,Middle-aged,87.0
48,93.8,163.9,34.92,female,muscle_gain,beginner,Strength Training,39,277.4,4,Obese,Middle-aged,80.2
43,93.2,192.6,25.12,male,flexibility,intermediate,Yoga + Stretching,59,257.1,4,Overweight,Middle-aged,121.2
62,78.2,196.4,20.27,male,weight_loss,beginner,Cardio + HIIT,38,249.6,3,Normal,Senior,77.0
48,87.6,199.8,21.94,male,endurance,intermediate,Running + Cycling,43,428.5,5,Normal,Middle-aged,120.5
20,78.8,189.8,21.87,female,flexibility,advanced,Yoga + Stretching,62,256.5,6,Normal,Young,155.6
63,90.9,187.7,25.8,male,endurance,intermediate,Running + Cycling,60,569.3,5,Overweight,Senior,129.0
34,98.4,160.8,38.06,female,muscle_gain,advanced,Strength Training,67,538.4,5,Obese,Adult,165.5
19,102.3,166.8,36.77,male,general_fitness,beginner,Mixed Training,32,316.6,4,Obese,Young,80.7
50,90.3,173.3,30.07,female,weight_loss,beginner,Cardio + HIIT,39,317.0,3,Obese,Middle-aged,84.2
64,106.3,188.7,29.85,female,weight_loss,advanced,Cardio + HIIT,71,626.4,6,Overweight,Senior,166.0
32,57.0,195.7,14.88,male,muscle_gain,advanced,Strength Training,59,277.4,6,Underweight,Adult,156.2
59,63.0,159.5,24.76,male,weight_loss,intermediate,Cardio + HIIT,59,317.8,5,Normal,Senior,127.3
43,114.6,196.1,29.8,male,general_fitness,advanced,Mixed Training,58,569.7,6,Overweight,Middle-aged,161.0
45,72.4,184.8,21.2,male,weight_loss,intermediate,Cardio + HIIT,50,334.9,5,Normal,Middle-aged,124.0
44,46.9,180.5,14.4,female,flexibility,beginner,Yoga + Stretching,42,91.6,3,Underweight,Middle-aged,63.2
61,58.1,160.0,22.7,male,flexibility,beginner,Yoga + Stretching,34,83.5,3,Normal,Senior,58.4
21,64.0,152.8,27.41,male,weight_loss,advanced,Cardio + HIIT,71,474.8,5,Overweight,Young,166.0
50,126.4,178.4,39.72,female,endurance,beginner,Running + Cycling,39,554.6,4,Obese,Middle-aged,85.5
56,93.7,182.6,28.1,male,weight_loss,intermediate,Cardio + HIIT,45,366.8,4,Overweight,Senior,121.5
52,124.3,160.5,48.25,female,muscle_gain,intermediate,Strength Training,60,553.1,4,Obese,Middle-aged,129.0
39,93.9,177.8,29.7,male,weight_loss,intermediate,Cardio + HIIT,55,493.2,5,Overweight,Adult,126.5
44,85.7,192.8,23.06,female,general_fitness,intermediate,Mixed Training,54,394.5,5,Normal,Middle-aged,126.0
64,71.7,191.8,19.49,male,general_fitness,beginner,Mixed Training,32,174.6,3,Normal,Senior,66.5
61,96.5,196.4,25.02,male,weight_loss,beginner,Cardio + HIIT,33,269.1,3,Overweight,Senior,76.4
46,56.8,168.3,20.05,male,weight_loss,intermediate,Cardio + HIIT,50,261.3,4,Normal,Middle-aged,117.1
50,121.4,165.9,44.11,male,flexibility,intermediate,Yoga + Stretching,41,224.0,4,Obese,Middle-aged,108.9
48,115.5,187.5,32.85,male,weight_loss,intermediate,Cardio + HIIT,52,546.5,4,Obese,Middle-aged,125.0
36,72.0,171.6,24.45,male,general_fitness,intermediate,Mixed Training,43,275.3,4,Normal,Adult,115.0
47,126.0,154.4,52.85,female,endurance,beginner,Running + Cycling,33,475.6,3,Obese,Middle-aged,82.5
38,115.1,164.1,42.74,male,muscle_gain,advanced,Strength Training,59,543.3,6,Obese,Adult,161.5
48,101.6,170.9,34.79,female,flexibility,intermediate,Yoga + Stretching,58,268.1,4,Obese,Middle-aged,121.8
18,55.3,164.6,20.41,male,muscle_gain,beginner,Strength Training,27,131.9,4,Normal,Young,59.7
33,85.6,166.6,30.84,female,general_fitness,intermediate,Mixed Training,60,463.7,5,Obese,Adult,129.0
40,88.0,164.7,32.44,male,general_fitness,advanced,Mixed Training,57,436.8,6,Obese,Middle-aged,160.5
57,64.8,152.1,28.01,male,weight_loss,advanced,Cardio + HIIT,60,336.3,5,Overweight,Senior,162.0
46,51.8,181.9,15.66,male,weight_loss,beginner,Cardio + HIIT,34,162.0,3,Underweight,Middle-aged,66.2
18,111.0,179.9,34.3,male,general_fitness,intermediate,Mixed Training,44,474.6,5,Obese,Young,121.0
55,55.4,182.7,16.6,male,general_fitness,beginner,Mixed Training,27,120.0,3,Underweight,Senior,58.5
61,95.5,159.6,37.49,male,weight_loss,beginner,Cardio + HIIT,31,250.2,3,Obese,Senior,73.5
39,124.6,164.8,45.88,female,flexibility,intermediate,Yoga + Stretching,57,339.1,5,Obese,Adult,127.5
47,119.5,181.0,36.48,female,muscle_gain,intermediate,Strength Training,47,428.3,4,Obese,Middle-aged,122.5
62,68.6,180.0,21.17,male,weight_loss,advanced,Cardio + HIIT,55,316.9,6,Normal,Senior,158.2
37,117.4,175.3,38.2,female,general_fitness,beginner,Mixed Training,28,290.8,4,Obese,Adult,76.1
38,45.0,167.5,16.04,female,weight_loss,beginner,Cardio + HIIT,31,133.9,4,Underweight,Adult,61.9
17,46.5,195.6,12.15,female,general_fitness,intermediate,Mixed Training,53,240.6,5,Underweight,Young,116.6
42,96.2,167.0,34.49,male,weight_loss,beginner,Cardio + HIIT,37,334.6,3,Obese,Middle-aged,84.5
57,76.0,172.8,25.45,male,endurance,beginner,Running + Cycling,34,279.4,4,Overweight,Senior,77.9
17,77.8,183.9,23.0,male,weight_loss,beginner,Cardio + HIIT,42,348.0,3,Normal,Young,87.0
41,93.0,177.2,29.62,female,muscle_gain,intermediate,Strength Training,40,293.0,4,Overweight,Middle-aged,115.3
32,61.3,167.3,21.9,male,endurance,beginner,Running + Cycling,28,212.4,3,Normal,Adult,68.2
55,63.0,171.8,21.34,male,weight_loss,intermediate,Cardio + HIIT,55,303.2,4,Normal,Senior,123.8
48,86.2,189.7,23.95,male,muscle_gain,beginner,Strength Training,40,261.5,4,Normal,Middle-aged,79.2
24,109.1,163.9,40.61,male,muscle_gain,beginner,Strength Training,42,393.3,4,Obese,Young,87.0
58,97.7,157.1,39.59,female,weight_loss,intermediate,Cardio + HIIT,47,394.9,5,Obese,Senior,122.5
63,70.3,165.7,25.6,male,flexibility,beginner,Yoga + Stretching,34,99.8,4,Overweight,Senior,60.0
54,81.6,192.5,22.02,female,muscle_gain,intermediate,Strength Training,55,329.1,5,Normal,Middle-aged,126.4
44,59.5,154.4,24.96,female,endurance,beginner,Running + Cycling,35,242.1,3,Normal,Middle-aged,74.7
57,51.3,199.6,12.88,male,muscle_gain,intermediate,Strength Training,45,166.4,5,Underweight,Senior,105.1
41,111.5,177.1,35.55,male,muscle_gain,beginner,Strength Training,25,219.5,3,Obese,Middle-aged,67.4
50,67.6,199.2,17.04,female,weight_loss,beginner,Cardio + HIIT,36,219.0,3,Underweight,Middle-aged,72.9
40,60.1,196.9,15.5,male,muscle_gain,intermediate,Strength Training,45,214.1,5,Underweight,Middle-aged,109.9
39,103.8,172.6,34.84,male,muscle_gain,advanced,Strength Training,67,553.5,5,Obese,Adult,165.5
28,97.5,159.9,38.13,male,endurance,beginner,Running + Cycling,41,504.7,3,Obese,Adult,86.5
22,98.8,158.2,39.48,female,flexibility,intermediate,Yoga + Stretching,40,205.5,5,Obese,Young,106.6
51,64.5,162.0,24.58,female,muscle_gain,intermediate,Strength Training,47,226.1,5,Normal,Middle-aged,112.1
60,64.8,185.5,18.83,male,weight_loss,intermediate,Cardio + HIIT,47,258.9,5,Normal,Senior,115.4
35,63.8,163.6,23.84,male,weight_loss,advanced,Cardio + HIIT,65,404.3,5,Normal,Adult,164.5
16,59.8,167.1,21.42,male,weight_loss,beginner,Cardio + HIIT,38,243.1,4,Normal,Young,76.3
23,100.7,172.4,33.88,female,weight_loss,advanced,Cardio + HIIT,64,667.0,6,Obese,Young,164.0
61,117.1,195.7,30.58,male,muscle_gain,beginner,Strength Training,39,321.6,3,Obese,Senior,84.7
31,106.6,159.5,41.9,female,weight_loss,beginner,Cardio + HIIT,31,328.8,4,Obese,Adult,81.4
29,112.3,150.3,49.71,male,weight_loss,advanced,Cardio + HIIT,61,688.5,5,Obese,Adult,162.5
27,79.4,153.0,33.92,female,weight_loss,intermediate,Cardio + HIIT,49,394.9,4,Obese,Adult,123.5
38,100.6,195.2,26.4,male,weight_loss,intermediate,Cardio + HIIT,43,415.3,5,Overweight,Adult,120.5
30,75.1,182.4,22.57,female,weight_loss,intermediate,Cardio + HIIT,57,428.1,4,Normal,Adult,127.5
43,89.7,163.7,33.47,male,weight_loss,intermediate,Cardio + HIIT,49,411.0,4,Obese,Middle-aged,123.5
49,85.9,158.9,34.02,female,muscle_gain,beginner,Strength Training,43,278.6,4,Obese,Middle-aged,82.4
17,60.0,164.7,22.12,male,muscle_gain,intermediate,Strength Training,53,282.2,5,Normal,Young,120.7
47,77.9,155.7,32.13,male,weight_loss,beginner,Cardio + HIIT,37,263.7,4,Obese,Middle-aged,77.9
38,126.9,197.1,32.67,male,muscle_gain,advanced,Strength Training,69,700.5,5,Obese,Adult,166.0
37,66.1,189.2,18.47,female,muscle_gain,advanced,Strength Training,70,372.1,5,Underweight,Adult,166.0
40,56.4,173.1,18.82,female,weight_loss,beginner,Cardio + HIIT,26,139.3,4,Normal,Middle-aged,59.9
37,80.6,193.2,21.59,male,weight_loss,intermediate,Cardio + HIIT,43,334.4,5,Normal,Adult,120.5
37,112.2,162.5,42.49,female,muscle_gain,beginner,Strength Training,45,406.0,4,Obese,Adult,88.5
64,94.5,185.9,27.34,female,endurance,beginner,Running + Cycling,42,411.8,3,Overweight,Senior,87.0
57,102.9,192.8,27.68,female,weight_loss,advanced,Cardio + HIIT,71,632.0,6,Overweight,Senior,166.0
21,61.1,167.8,21.7,female,weight_loss,beginner,Cardio + HIIT,34,217.1,3,Normal,Young,71.7
30,97.6,187.9,27.64,female,general_fitness,intermediate,Mixed Training,60,536.8,5,Overweight,Adult,129.0
58,72.5,164.8,26.69,male,weight_loss,advanced,Cardio + HIIT,63,392.8,5,Overweight,Senior,163.5
52,115.9,164.9,42.62,female,weight_loss,advanced,Cardio + HIIT,69,711.7,5,Obese,Middle-aged,166.0
48,98.5,155.4,40.79,female,general_fitness,intermediate,Mixed Training,51,419.0,5,Obese,Middle-aged,124.5
23,61.9,172.0,20.92,female,flexibility,intermediate,Yoga + Stretching,60,192.2,4,Normal,Young,115.2
59,50.5,186.5,14.52,male,muscle_gain,intermediate,Strength Training,48,172.7,4,Underweight,Senior,107.3
59,48.6,197.0,12.52,male,muscle_gain,advanced,Strength Training,68,235.5,6,Underweight,Senior,156.6
20,76.6,180.2,23.59,male,weight_loss,intermediate,Cardio + HIIT,52,418.2,5,Normal,Young,125.0
54,67.6,193.2,18.11,female,weight_loss,intermediate,Cardio + HIIT,45,267.7,4,Underweight,Middle-aged,115.3
19,99.9,191.1,27.36,female,endurance,beginner,Running + Cycling,43,566.5,3,Overweight,Young,87.5
21,87.4,158.7,34.7,male,weight_loss,beginner,Cardio + HIIT,28,255.7,3,Obese,Young,72.6
60,67.6,174.3,22.25,female,muscle_gain,intermediate,Strength Training,59,282.5,5,Normal,Senior,123.8
47,57.7,155.8,23.77,female,general_fitness,advanced,Mixed Training,71,343.6,5,Normal,Middle-aged,166.0
45,55.8,184.1,16.46,female,general_fitness,advanced,Mixed Training,73,345.4,5,Underweight,Middle-aged,166.0
62,118.5,197.5,30.38,male,weight_loss,advanced,Cardio + HIIT,57,567.4,6,Obese,Senior,160.5
50,65.7,156.9,26.69,female,endurance,intermediate,Running + Cycling,53,391.7,5,Overweight,Middle-aged,125.5
55,100.4,186.7,28.8,male,muscle_gain,advanced,Strength Training,71,519.8,6,Overweight,Senior,166.0
31,113.9,181.6,34.54,female,general_fitness,advanced,Mixed Training,67,696.0,6,Obese,Adult,165.5
28,97.2,179.2,30.27,male,weight_loss,intermediate,Cardio + HIIT,48,471.2,5,Obese,Adult,123.0
57,118.1,169.5,41.11,male,weight_loss,beginner,Cardio + HIIT,25,255.4,3,Obese,Senior,71.0
45,78.4,167.8,27.84,female,weight_loss,intermediate,Cardio + HIIT,56,406.1,4,Overweight,Middle-aged,127.0
34,126.3,152.3,54.45,male,muscle_gain,advanced,Strength Training,70,722.0,5,Obese,Adult,166.0
32,56.3,160.9,21.75,male,muscle_gain,beginner,Strength Training,42,195.1,4,Normal,Adult,73.5
34,53.7,150.8,23.61,female,flexibility,advanced,Yoga + Stretching,56,147.4,6,Normal,Adult,141.7
43,101.0,179.1,31.49,male,endurance,beginner,Running + Cycling,38,448.6,4,Obese,Middle-aged,85.0
41,125.1,155.3,51.87,male,weight_loss,intermediate,Cardio + HIIT,56,662.0,4,Obese,Middle-aged,127.0
52,113.8,193.7,30.33,male,muscle_gain,intermediate,Strength Training,42,354.5,5,Obese,Middle-aged,120.0
41,51.5,176.2,16.59,male,weight_loss,intermediate,Cardio + HIIT,41,199.5,5,Underweight,Middle-aged,106.4
38,68.7,185.0,20.07,male,general_fitness,intermediate,Mixed Training,47,284.1,5,Normal,Adult,117.9
24,124.1,170.5,42.69,male,general_fitness,advanced,Mixed Training,56,656.2,5,Obese,Young,160.0
27,66.5,178.0,20.99,female,general_fitness,intermediate,Mixed Training,41,253.7,5,Normal,Adult,111.9
16,111.4,197.1,28.68,male,general_fitness,beginner,Mixed Training,33,360.6,4,Overweight,Young,82.5
16,115.1,154.1,48.47,male,weight_loss,intermediate,Cardio + HIIT,59,726.6,4,Obese,Young,128.5
62,87.1,162.7,32.9,male,weight_loss,beginner,Cardio + HIIT,45,329.2,4,Obese,Senior,88.4
49,77.8,189.0,21.78,male,endurance,beginner,Running + Cycling,30,264.0,4,Normal,Middle-aged,74.4
47,83.3,154.9,34.72,female,general_fitness,beginner,Mixed Training,36,251.5,4,Obese,Middle-aged,76.2
63,64.3,153.8,27.18,female,weight_loss,advanced,Cardio + HIIT,63,338.3,5,Overweight,Senior,163.5
40,120.6,168.1,42.68,male,weight_loss,intermediate,Cardio + HIIT,46,527.0,5,Obese,Middle-aged,122.0
55,83.3,154.6,34.85,male,flexibility,intermediate,Yoga + Stretching,51,185.9,5,Obese,Senior,110.1
60,120.0,179.3,37.33,male,weight_loss,beginner,Cardio + HIIT,29,295.8,3,Obese,Senior,77.1
16,54.0,161.3,20.76,female,muscle_gain,beginner,Strength Training,40,192.6,3,Normal,Young,72.3
31,129.0,194.8,33.99,female,endurance,advanced,Running + Cycling,59,800.0,6,Obese,Adult,161.5
54,82.7,189.2,23.1,male,weight_loss,intermediate,Cardio + HIIT,51,371.2,4,Normal,Middle-aged,124.5
20,49.1,185.0,14.35,male,weight_loss,advanced,Cardio + HIIT,74,381.5,6,Underweight,Young,166.0
37,48.2,180.8,14.75,female,flexibility,beginner,Yoga + Stretching,33,80.0,3,Underweight,Adult,57.5
44,108.4,193.2,29.04,female,endurance,beginner,Running + Cycling,31,390.6,4,Overweight,Middle-aged,81.5
18,101.0,161.2,38.87,female,general_fitness,advanced,Mixed Training,73,716.4,6,Obese,Young,166.0
27,113.2,193.7,30.17,male,muscle_gain,intermediate,Strength Training,59,564.9,5,Obese,Adult,128.5
41,54.0,189.5,15.04,male,weight_loss,beginner,Cardio + HIIT,35,178.6,3,Underweight,Middle-aged,68.4
31,48.0,187.4,13.67,male,endurance,beginner,Running + Cycling,45,268.6,3,Underweight,Adult,82.4
52,88.2,178.1,27.81,female,muscle_gain,advanced,Strength Training,66,431.7,6,Overweight,Middle-aged,165.0
37,77.9,162.3,29.57,female,weight_loss,intermediate,Cardio + HIIT,42,315.7,5,Overweight,Adult,118.6
44,84.3,171.2,28.76,male,flexibility,intermediate,Yoga + Stretching,56,219.5,5,Overweight,Middle-aged,116.0
29,129.3,189.7,35.93,male,weight_loss,beginner,Cardio + HIIT,31,402.8,4,Obese,Adult,81.5
43,127.5,151.6,55.48,male,weight_loss,beginner,Cardio + HIIT,34,405.3,3,Obese,Middle-aged,83.0
20,125.1,189.1,34.98,male,weight_loss,advanced,Cardio + HIIT,69,800.0,5,Obese,Young,166.0
62,111.6,162.0,42.52,male,muscle_gain,beginner,Strength Training,26,203.1,4,Obese,Senior,66.3
64,75.2,157.2,30.43,female,muscle_gain,intermediate,Strength Training,52,270.5,4,Obese,Senior,119.0
45,80.0,155.8,32.96,male,muscle_gain,advanced,Strength Training,58,357.7,5,Obese,Middle-aged,161.0
61,91.7,151.4,40.01,male,endurance,beginner,Running + Cycling,42,406.8,3,Obese,Senior,87.0
20,115.6,176.2,37.23,female,general_fitness,intermediate,Mixed Training,40,445.1,5,Obese,Young,119.0
27,50.8,160.9,19.62,male,weight_loss,intermediate,Cardio + HIIT,41,211.4,5,Normal,Adult,107.6
31,81.1,199.5,20.38,male,weight_loss,intermediate,Cardio + HIIT,41,330.8,4,Normal,Adult,119.5
41,52.0,178.7,16.28,male,weight_loss,intermediate,Cardio + HIIT,43,211.3,4,Underweight,Middle-aged,108.6
41,88.7,156.9,36.03,female,weight_loss,beginner,Cardio + HIIT,27,226.3,4,Obese,Middle-aged,69.1
63,121.4,184.4,35.7,female,endurance,intermediate,Running + Cycling,56,709.6,5,Obese,Senior,127.0
36,111.5,194.9,29.35,male,endurance,intermediate,Running + Cycling,53,716.5,5,Overweight,Adult,125.5
54,64.4,187.3,18.36,male,flexibility,intermediate,Yoga + Stretching,41,116.2,4,Underweight,Middle-aged,98.1
51,128.0,153.8,54.11,male,weight_loss,beginner,Cardio + HIIT,40,458.2,3,Obese,Middle-aged,86.0
48,101.7,194.8,26.8,female,muscle_gain,intermediate,Strength Training,50,385.6,4,Overweight,Middle-aged,124.0
45,45.9,189.7,12.75,female,muscle_gain,advanced,Strength Training,67,237.1,6,Underweight,Middle-aged,156.2
52,66.7,157.9,26.75,female,weight_loss,intermediate,Cardio + HIIT,40,237.5,5,Overweight,Middle-aged,109.8
38,67.2,152.6,28.86,male,endurance,intermediate,Running + Cycling,41,330.6,5,Overweight,Adult,119.5
25,50.9,177.9,16.08,female,general_fitness,intermediate,Mixed Training,41,196.1,5,Underweight,Adult,106.1
20,126.6,157.8,50.84,female,muscle_gain,advanced,Strength Training,75,800.0,6,Obese,Young,166.0
51,85.7,191.7,23.32,female,flexibility,advanced,Yoga + Stretching,59,226.3,5,Normal,Middle-aged,151.1
49,121.1,167.9,42.96,female,muscle_gain,beginner,Strength Training,28,255.7,3,Obese,Middle-aged,72.6
46,72.4,195.6,18.92,male,weight_loss,intermediate,Cardio + HIIT,51,339.7,4,Normal,Middle-aged,124.5
25,55.6,178.3,17.49,male,endurance,beginner,Running + Cycling,27,192.3,4,Underweight,Adult,65.7
34,85.3,159.1,33.7,male,weight_loss,intermediate,Cardio + HIIT,59,493.2,4,Obese,Adult,128.5
47,54.7,157.0,22.19,male,weight_loss,beginner,Cardio + HIIT,34,170.2,4,Normal,Middle-aged,67.0
16,86.3,178.8,26.99,female,endurance,advanced,Running + Cycling,74,800.0,5,Overweight,Young,166.0
20,123.2,188.1,34.82,female,general_fitness,beginner,Mixed Training,42,498.0,3,Obese,Young,87.0
60,89.3,189.1,24.97,female,muscle_gain,intermediate,Strength Training,60,379.5,5,Normal,Senior,129.0
19,97.4,163.8,36.3,male,muscle_gain,intermediate,Strength Training,60,513.8,4,Obese,Young,129.0
31,58.3,160.2,22.72,male,general_fitness,beginner,Mixed Training,45,239.3,3,Normal,Adult,79.4
39,48.7,150.8,21.42,female,flexibility,advanced,Yoga + Stretching,64,148.8,5,Normal,Adult,145.9
31,54.4,184.0,16.07,male,endurance,advanced,Running + Cycling,55,372.1,5,Underweight,Adult,159.5
17,95.9,153.8,40.54,male,weight_loss,intermediate,Cardio + HIIT,45,459.6,4,Obese,Young,121.5
64,53.1,171.0,18.16,female,general_fitness,intermediate,Mixed Training,50,202.0,4,Underweight,Senior,111.2
43,77.0,180.1,23.74,female,weight_loss,beginner,Cardio + HIIT,26,187.2,3,Normal,Middle-aged,64.7
47,91.8,196.9,23.68,male,endurance,intermediate,Running + Cycling,46,483.0,5,Normal,Middle-aged,122.0
42,78.0,165.6,28.44,female,weight_loss,beginner,Cardio + HIIT,44,322.6,3,Overweight,Middle-aged,87.3
35,58.9,162.5,22.31,female,endurance,intermediate,Running + Cycling,60,430.7,5,Normal,Adult,129.0
39,68.3,182.7,20.46,female,weight_loss,advanced,Cardio + HIIT,75,489.2,5,Normal,Adult,166.0
27,123.9,181.0,37.82,female,muscle_gain,beginner,Strength Training,45,471.6,4,Obese,Adult,88.5
50,102.5,166.6,36.93,male,muscle_gain,advanced,Strength Training,72,553.5,6,Obese,Middle-aged,166.0
48,87.2,196.4,22.61,female,weight_loss,beginner,Cardio + HIIT,45,357.1,3,Normal,Middle-aged,88.5
48,46.1,192.2,12.48,male,endurance,advanced,Running + Cycling,73,382.8,6,Underweight,Middle-aged,166.0
58,129.4,161.2,49.8,male,general_fitness,beginner,Mixed Training,28,285.6,4,Obese,Senior,75.6
52,102.1,162.0,38.9,female,general_fitness,intermediate,Mixed Training,52,433.1,4,Obese,Middle-aged,125.0
27,71.9,175.6,23.32,male,weight_loss,beginner,Cardio + HIIT,42,306.5,4,Normal,Adult,84.6
18,119.7,188.7,33.62,female,endurance,advanced,Running + Cycling,74,800.0,5,Obese,Young,166.0
16,67.0,152.2,28.92,female,endurance,intermediate,Running + Cycling,52,466.0,5,Overweight,Young,125.0
48,91.2,184.7,26.73,female,muscle_gain,beginner,Strength Training,43,297.4,4,Overweight,Middle-aged,84.2
55,99.1,182.4,29.79,female,weight_loss,intermediate,Cardio + HIIT,56,485.6,5,Overweight,Senior,127.0
25,63.8,161.6,24.43,male,endurance,intermediate,Running + Cycling,40,327.0,5,Normal,Adult,118.7
58,128.2,184.1,37.83,male,general_fitness,intermediate,Mixed Training,45,454.8,4,Obese,Senior,121.5
59,108.6,197.0,27.98,male,endurance,advanced,Running + Cycling,73,800.0,5,Overweight,Senior,166.0
44,92.4,152.3,39.84,male,muscle_gain,intermediate,Strength Training,59,422.5,4,Obese,Middle-aged,128.5
28,60.4,166.0,21.92,male,muscle_gain,beginner,Strength Training,25,127.1,3,Normal,Adult,58.2
27,49.6,171.9,16.79,female,weight_loss,beginner,Cardio + HIIT,32,161.1,3,Underweight,Adult,65.1
46,72.2,195.0,18.99,female,flexibility,intermediate,Yoga + Stretching,56,186.0,5,Normal,Middle-aged,112.6
61,109.0,198.1,27.78,female,endurance,intermediate,Running + Cycling,60,690.8,4,Overweight,Senior,129.0
17,67.9,172.2,22.9,female,weight_loss,beginner,Cardio + HIIT,39,282.0,4,Normal,Young,80.7
50,90.9,187.5,25.86,female,general_fitness,beginner,Mixed Training,42,315.0,3,Overweight,Middle-aged,85.5
38,106.9,176.6,34.28,male,weight_loss,intermediate,Cardio + HIIT,46,472.1,4,Obese,Adult,122.0
32,54.2,176.9,17.32,male,general_fitness,advanced,Mixed Training,70,344.3,5,Underweight,Adult,166.0
41,103.3,163.9,38.45,male,muscle_gain,beginner,Strength Training,31,252.2,3,Obese,Middle-aged,73.7
23,52.8,160.8,20.42,female,weight_loss,intermediate,Cardio + HIIT,56,306.0,5,Normal,Young,124.6
44,127.0,164.4,46.99,male,muscle_gain,advanced,Strength Training,58,570.9,5,Obese,Middle-aged,161.0
41,86.5,177.8,27.36,female,muscle_gain,intermediate,Strength Training,51,347.4,5,Overweight,Middle-aged,124.5
25,57.8,151.5,25.18,female,weight_loss,beginner,Cardio + HIIT,37,219.2,4,Overweight,Adult,73.4
41,74.1,195.4,19.41,male,endurance,intermediate,Running + Cycling,43,376.4,4,Normal,Middle-aged,120.5
49,80.1,157.8,32.17,male,endurance,advanced,Running + Cycling,75,679.6,6,Obese,Middle-aged,166.0
56,109.4,161.0,42.21,male,endurance,beginner,Running + Cycling,25,297.4,4,Obese,Senior,75.2
22,108.2,175.9,34.97,male,weight_loss,intermediate,Cardio + HIIT,40,450.1,4,Obese,Young,119.0
19,97.0,185.5,28.19,female,muscle_gain,beginner,Strength Training,31,264.4,4,Overweight,Young,74.9
60,54.0,154.8,22.53,female,weight_loss,beginner,Cardio + HIIT,33,151.5,3,Normal,Senior,64.6
26,57.9,165.9,21.04,female,endurance,intermediate,Running + Cycling,40,295.3,4,Normal,Adult,115.5
44,53.0,198.4,13.46,female,weight_loss,intermediate,Cardio + HIIT,55,271.1,5,Underweight,Middle-aged,120.6
51,94.1,163.1,35.37,female,general_fitness,beginner,Mixed Training,42,324.2,4,Obese,Middle-aged,86.4
40,119.6,165.7,43.56,female,endurance,intermediate,Running + Cycling,54,766.9,5,Obese,Middle-aged,126.0
36,81.9,191.8,22.26,male,muscle_gain,intermediate,Strength Training,45,297.9,5,Normal,Adult,118.3
51,58.7,152.5,25.24,female,muscle_gain,intermediate,Strength Training,41,179.5,5,Overweight,Middle-aged,104.4
25,92.4,173.2,30.8,male,weight_loss,intermediate,Cardio + HIIT,48,454.6,5,Obese,Adult,123.0
52,114.0,169.0,39.91,male,weight_loss,beginner,Cardio + HIIT,28,284.1,4,Obese,Middle-aged,75.4
24,108.0,165.8,39.29,male,general_fitness,advanced,Mixed Training,67,683.2,5,Obese,Young,165.5
39,119.9,164.3,44.42,female,general_fitness,intermediate,Mixed Training,50,524.8,4,Obese,Adult,124.0
50,68.6,154.6,28.7,male,weight_loss,intermediate,Cardio + HIIT,52,321.0,4,Overweight,Middle-aged,124.1
64,61.5,165.7,22.4,male,endurance,advanced,Running + Cycling,65,414.7,6,Normal,Senior,164.5
50,119.8,152.2,51.72,female,endurance,beginner,Running + Cycling,43,579.5,4,Obese,Middle-aged,87.5
63,100.9,189.0,28.25,female,endurance,beginner,Running + Cycling,32,337.0,4,Overweight,Senior,82.0
51,71.4,169.9,24.73,female,weight_loss,intermediate,Cardio + HIIT,46,294.0,4,Normal,Middle-aged,118.4
33,108.1,172.2,36.46,female,weight_loss,intermediate,Cardio + HIIT,55,585.6,4,Obese,Adult,126.5
64,114.3,194.7,30.15,female,weight_loss,advanced,Cardio + HIIT,57,540.8,5,Obese,Senior,160.5
54,97.3,182.9,29.09,female,flexibility,advanced,Yoga + Stretching,71,304.0,6,Overweight,Middle-aged,163.4
47,103.5,150.4,45.76,male,muscle_gain,beginner,Strength Training,42,331.5,3,Obese,Middle-aged,87.0
39,76.9,197.2,19.77,female,muscle_gain,intermediate,Strength Training,54,330.5,4,Normal,Adult,126.0
38,90.8,161.9,34.64,female,general_fitness,intermediate,Mixed Training,56,447.5,5,Obese,Adult,127.0
47,89.6,155.4,37.1,male,endurance,beginner,Running + Cycling,35,358.7,3,Obese,Middle-aged,83.5
52,117.1,188.4,32.99,male,general_fitness,advanced,Mixed Training,59,563.7,5,Obese,Middle-aged,161.5
27,116.4,175.0,38.01,male,muscle_gain,advanced,Strength Training,70,689.2,5,Obese,Adult,166.0
64,115.8,171.7,39.28,female,weight_loss,intermediate,Cardio + HIIT,54,519.0,5,Obese,Senior,126.0
28,45.9,162.5,17.38,male,general_fitness,beginner,Mixed Training,34,144.5,3,Underweight,Adult,64.4
38,108.7,177.4,34.54,female,muscle_gain,beginner,Strength Training,38,330.4,4,Obese,Adult,85.0
40,109.5,163.7,40.86,female,weight_loss,beginner,Cardio + HIIT,26,270.5,4,Obese,Middle-aged,73.0
50,102.7,195.1,26.98,female,muscle_gain,advanced,Strength Training,70,539.2,5,Overweight,Middle-aged,166.0
56,109.3,160.8,42.27,female,weight_loss,beginner,Cardio + HIIT,43,408.9,3,Obese,Senior,87.5
45,116.6,194.2,30.92,male,muscle_gain,advanced,Strength Training,62,557.3,6,Obese,Middle-aged,163.0
32,85.0,178.0,26.83,male,general_fitness,intermediate,Mixed Training,54,416.5,5,Overweight,Adult,126.0
64,87.7,191.4,23.94,male,general_fitness,intermediate,Mixed Training,49,327.0,5,Normal,Senior,123.2
35,55.6,185.6,16.14,female,general_fitness,intermediate,Mixed Training,44,218.6,5,Underweight,Adult,109.9
63,77.8,184.8,22.78,male,weight_loss,intermediate,Cardio + HIIT,59,383.3,5,Normal,Senior,128.5
40,99.7,166.2,36.09,male,muscle_gain,intermediate,Strength Training,55,434.1,4,Obese,Middle-aged,126.5
37,111.3,161.7,42.57,male,weight_loss,advanced,Cardio + HIIT,75,800.0,6,Obese,Adult,166.0
28,63.5,160.5,24.65,female,general_fitness,intermediate,Mixed Training,51,299.8,4,Normal,Adult,121.5
34,56.7,192.9,15.24,male,muscle_gain,intermediate,Strength Training,52,240.8,5,Underweight,Adult,116.1
64,101.4,191.0,27.8,female,endurance,intermediate,Running + Cycling,48,505.0,4,Overweight,Senior,123.0
51,45.2,172.0,15.28,male,endurance,beginner,Running + Cycling,41,207.3,4,Underweight,Middle-aged,74.2
27,60.2,156.6,24.55,male,muscle_gain,intermediate,Strength Training,59,300.4,4,Normal,Adult,125.5
56,47.5,169.1,16.61,male,muscle_gain,advanced,Strength Training,66,227.3,5,Underweight,Senior,154.7
34,59.2,181.0,18.07,male,general_fitness,beginner,Mixed Training,29,154.2,4,Underweight,Adult,62.9
27,60.4,172.7,20.25,female,general_fitness,beginner,Mixed Training,36,202.3,4,Normal,Adult,71.2
24,78.0,189.0,21.84,male,weight_loss,beginner,Cardio + HIIT,25,200.8,3,Normal,Young,65.6
22,79.2,199.9,19.82,female,muscle_gain,intermediate,Strength Training,59,405.0,4,Normal,Young,128.5
43,119.3,159.6,46.84,female,general_fitness,beginner,Mixed Training,40,409.0,3,Obese,Middle-aged,86.0
29,88.4,173.0,29.54,female,weight_loss,intermediate,Cardio + HIIT,51,453.1,5,Overweight,Adult,124.5
46,106.5,171.5,36.21,female,muscle_gain,beginner,Strength Training,33,269.4,4,Obese,Middle-aged,76.4
34,53.9,165.2,19.75,male,weight_loss,beginner,Cardio + HIIT,37,195.4,4,Normal,Adult,71.0
62,64.2,159.9,25.11,female,muscle_gain,intermediate,Strength Training,56,251.7,5,Overweight,Senior,119.2
31,104.8,153.3,44.59,female,weight_loss,beginner,Cardio + HIIT,41,427.5,3,Obese,Adult,86.5
20,49.5,194.4,13.1,female,muscle_gain,advanced,Strength Training,58,251.2,6,Underweight,Young,153.1
50,86.4,171.0,29.55,female,weight_loss,beginner,Cardio + HIIT,38,295.5,4,Overweight,Middle-aged,81.6
27,95.9,174.8,31.39,male,muscle_gain,intermediate,Strength Training,58,470.5,5,Obese,Adult,128.0
40,96.2,195.8,25.09,female,general_fitness,beginner,Mixed Training,31,259.7,4,Overweight,Middle-aged,74.5
36,46.9,188.8,13.16,female,flexibility,beginner,Yoga + Stretching,27,80.0,4,Underweight,Adult,54.5
51,72.4,156.5,29.56,male,flexibility,advanced,Yoga + Stretching,55,178.2,5,Overweight,Middle-aged,144.3
38,99.1,178.3,31.17,female,endurance,advanced,Running + Cycling,66,784.9,6,Obese,Adult,165.0
31,57.7,172.1,19.48,female,weight_loss,beginner,Cardio + HIIT,39,223.9,3,Normal,Adult,74.9
54,104.1,189.9,28.87,male,weight_loss,intermediate,Cardio + HIIT,50,458.0,5,Overweight,Middle-aged,124.0
60,108.4,186.2,31.27,male,general_fitness,intermediate,Mixed Training,49,413.9,5,Obese,Senior,123.5
57,128.5,184.5,37.75,female,muscle_gain,beginner,Strength Training,26,240.8,4,Obese,Senior,70.1
54,62.8,167.0,22.52,male,weight_loss,beginner,Cardio + HIIT,28,154.7,4,Normal,Middle-aged,62.5
29,115.1,190.2,31.82,male,endurance,advanced,Running + Cycling,71,800.0,5,Obese,Adult,166.0
46,89.2,152.6,38.31,male,weight_loss,advanced,Cardio + HIIT,71,582.7,5,Obese,Middle-aged,166.0
20,76.7,158.0,30.72,male,weight_loss,advanced,Cardio + HIIT,62,499.3,6,Obese,Young,163.0
50,55.4,166.8,19.91,female,general_fitness,advanced,Mixed Training,68,310.8,5,Normal,Middle-aged,164.1
38,107.5,153.8,45.45,male,general_fitness,intermediate,Mixed Training,43,406.8,4,Obese,Adult,120.5
44,65.0,161.7,24.86,female,muscle_gain,beginner,Strength Training,30,151.1,4,Normal,Middle-aged,63.1
58,76.6,191.5,20.89,female,general_fitness,beginner,Mixed Training,43,259.7,3,Normal,Senior,80.5
26,50.3,197.4,12.91,male,endurance,beginner,Running + Cycling,28,179.6,3,Underweight,Adult,65.0
33,113.1,165.2,41.44,male,endurance,intermediate,Running + Cycling,42,584.9,5,Obese,Adult,120.0
62,110.2,163.2,41.38,female,weight_loss,advanced,Cardio + HIIT,74,685.0,6,Obese,Senior,166.0
27,107.4,164.0,39.93,male,weight_loss,advanced,Cardio + HIIT,60,654.1,5,Obese,Adult,162.0
24,70.5,163.9,26.24,male,endurance,advanced,Running + Cycling,61,553.7,6,Overweight,Young,162.5
25,59.7,151.8,25.91,female,general_fitness,advanced,Mixed Training,68,381.4,6,Overweight,Adult,166.0
59,99.2,196.3,25.74,female,endurance,advanced,Running + Cycling,66,699.7,6,Overweight,Senior,165.0
32,87.2,160.7,33.77,female,weight_loss,beginner,Cardio + HIIT,40,345.3,3,Obese,Adult,86.0
53,60.2,171.0,20.59,female,weight_loss,advanced,Cardio + HIIT,74,394.2,6,Normal,Middle-aged,166.0
22,103.3,150.5,45.61,female,flexibility,intermediate,Yoga + Stretching,47,252.5,5,Obese,Young,114.8
61,129.2,192.9,34.72,female,weight_loss,beginner,Cardio + HIIT,26,283.9,3,Obese,Senior,74.4
28,108.5,186.6,31.16,female,muscle_gain,advanced,Strength Training,67,611.8,5,Obese,Adult,165.5
55,107.9,197.3,27.72,male,weight_loss,advanced,Cardio + HIIT,62,585.4,5,Overweight,Senior,163.0
57,125.8,189.1,35.18,male,weight_loss,beginner,Cardio + HIIT,45,489.7,3,Obese,Senior,88.5
24,62.2,165.7,22.65,female,endurance,beginner,Running + Cycling,44,352.4,3,Normal,Young,88.0
42,93.1,162.4,35.3,female,endurance,intermediate,Running + Cycling,55,601.7,5,Obese,Middle-aged,126.5
17,128.3,184.9,37.53,male,muscle_gain,intermediate,Strength Training,43,489.6,4,Obese,Young,120.5
20,59.0,168.2,20.85,male,weight_loss,advanced,Cardio + HIIT,70,433.6,6,Normal,Young,166.0
44,104.5,178.3,32.87,male,flexibility,beginner,Yoga + Stretching,44,213.8,3,Obese,Middle-aged,76.4
52,94.8,150.3,41.97,female,weight_loss,beginner,Cardio + HIIT,30,253.1,4,Obese,Middle-aged,73.3
53,94.9,153.1,40.49,female,muscle_gain,beginner,Strength Training,28,196.0,4,Obese,Middle-aged,66.6
34,104.3,176.8,33.37,female,general_fitness,beginner,Mixed Training,40,374.8,3,Obese,Adult,86.0
23,124.0,178.3,39.0,female,weight_loss,beginner,Cardio + HIIT,45,577.5,3,Obese,Young,88.5
63,111.5,187.6,31.68,female,general_fitness,advanced,Mixed Training,67,571.8,5,Obese,Senior,165.5
60,49.8,156.6,20.31,male,weight_loss,beginner,Cardio + HIIT,29,122.8,3,Normal,Senior,59.8
16,117.5,175.7,38.06,male,endurance,intermediate,Running + Cycling,54,800.0,4,Obese,Young,126.0
37,64.2,159.7,25.17,male,muscle_gain,beginner,Strength Training,32,165.2,3,Overweight,Adult,65.5
32,77.0,154.7,32.17,female,general_fitness,beginner,Mixed Training,31,216.6,4,Obese,Adult,70.2
22,84.2,170.5,28.96,male,weight_loss,advanced,Cardio + HIIT,68,595.5,6,Overweight,Young,166.0
40,85.9,158.2,34.32,female,muscle_gain,intermediate,Strength Training,46,312.8,5,Obese,Middle-aged,120.3
60,82.0,161.1,31.6,female,general_fitness,advanced,Mixed Training,61,389.7,6,Obese,Senior,162.5
19,124.7,165.9,45.31,male,muscle_gain,intermediate,Strength Training,57,624.9,5,Obese,Young,127.5
51,105.0,163.0,39.52,female,muscle_gain,beginner,Strength Training,34,266.3,3,Obese,Middle-aged,76.6
21,98.6,154.4,41.36,female,weight_loss,intermediate,Cardio + HIIT,57,587.3,4,Obese,Young,127.5
46,49.2,154.5,20.61,male,endurance,beginner,Running + Cycling,38,215.0,4,Normal,Middle-aged,73.5
34,121.8,159.7,47.76,male,weight_loss,advanced,Cardio + HIIT,64,763.9,6,Obese,Adult,164.0
59,122.3,152.5,52.59,female,weight_loss,beginner,Cardio + HIIT,31,324.2,3,Obese,Senior,80.9
54,111.3,181.3,33.86,male,endurance,intermediate,Running + Cycling,46,563.2,4,Obese,Middle-aged,122.0
42,45.6,164.4,16.87,male,muscle_gain,beginner,Strength Training,31,110.7,3,Underweight,Middle-aged,59.6
25,49.9,164.0,18.55,female,general_fitness,intermediate,Mixed Training,44,206.3,4,Normal,Adult,108.6
41,64.1,166.6,23.09,female,general_fitness,advanced,Mixed Training,55,305.4,6,Normal,Middle-aged,157.0
34,56.2,183.1,16.76,male,endurance,intermediate,Running + Cycling,53,364.9,5,Underweight,Adult,125.5
54,78.9,193.5,21.07,female,flexibility,intermediate,Yoga + Stretching,57,197.9,4,Normal,Middle-aged,114.3
18,123.4,188.0,34.91,female,endurance,advanced,Running + Cycling,67,800.0,5,Obese,Young,165.5
60,85.1,186.4,24.49,male,weight_loss,intermediate,Cardio + HIIT,47,340.0,5,Normal,Senior,122.5
28,46.1,174.2,15.19,female,flexibility,beginner,Yoga + Stretching,32,80.0,4,Underweight,Adult,57.0
43,69.0,184.7,20.23,male,weight_loss,beginner,Cardio + HIIT,34,219.4,4,Normal,Middle-aged,71.9
35,48.8,177.6,15.47,male,muscle_gain,intermediate,Strength Training,56,222.0,4,Underweight,Adult,116.2
43,48.1,160.8,18.6,female,flexibility,intermediate,Yoga + Stretching,45,101.2,5,Normal,Middle-aged,98.6
23,68.4,160.4,26.59,female,muscle_gain,beginner,Strength Training,39,230.1,3,Overweight,Young,75.5
56,68.4,164.8,25.18,male,general_fitness,beginner,Mixed Training,39,212.7,3,Overweight,Senior,73.8
54,111.9,195.5,29.28,female,weight_loss,advanced,Cardio + HIIT,70,689.3,5,Overweight,Middle-aged,166.0
16,127.9,177.4,40.64,female,endurance,beginner,Running + Cycling,32,547.4,4,Obese,Young,82.0
18,76.6,186.7,21.98,female,weight_loss,intermediate,Cardio + HIIT,58,470.9,5,Normal,Young,128.0
28,81.5,167.3,29.12,male,endurance,beginner,Running + Cycling,44,452.7,3,Overweight,Adult,88.0
43,116.8,170.4,40.23,female,flexibility,advanced,Yoga + Stretching,69,376.8,6,Obese,Middle-aged,166.0
64,67.8,156.3,27.75,male,endurance,beginner,Running + Cycling,27,189.9,3,Overweight,Senior,65.5
40,58.3,158.6,23.18,male,weight_loss,intermediate,Cardio + HIIT,45,249.2,5,Normal,Middle-aged,113.4
48,117.5,191.4,32.07,female,weight_loss,beginner,Cardio + HIIT,32,342.2,3,Obese,Middle-aged,82.0
53,49.0,179.2,15.26,female,weight_loss,intermediate,Cardio + HIIT,55,238.5,4,Underweight,Middle-aged,117.4
21,97.7,166.9,35.07,female,endurance,advanced,Running + Cycling,69,800.0,6,Obese,Young,166.0
59,92.8,190.1,25.68,male,general_fitness,beginner,Mixed Training,37,269.1,4,Overweight,Senior,78.4
60,74.4,162.3,28.24,male,weight_loss,intermediate,Cardio + HIIT,59,373.1,4,Overweight,Senior,128.5
47,71.8,198.8,18.17,female,endurance,intermediate,Running + Cycling,54,443.5,5,Underweight,Middle-aged,126.0
60,110.6,167.2,39.56,male,general_fitness,beginner,Mixed Training,42,361.9,3,Obese,Senior,87.0
62,52.3,166.9,18.78,female,muscle_gain,advanced,Strength Training,67,245.3,5,Normal,Senior,157.0
36,65.1,165.6,23.74,male,endurance,beginner,Running + Cycling,32,252.6,3,Normal,Adult,74.3
31,107.3,156.1,44.03,female,flexibility,intermediate,Yoga + Stretching,53,282.9,4,Obese,Adult,120.8
36,91.6,155.6,37.83,female,weight_loss,beginner,Cardio + HIIT,35,311.0,3,Obese,Adult,81.6
26,55.9,182.4,16.8,female,weight_loss,beginner,Cardio + HIIT,30,171.1,3,Underweight,Adult,65.1
52,120.0,193.8,31.95,female,weight_loss,beginner,Cardio + HIIT,25,267.0,3,Obese,Middle-aged,72.2
51,78.4,189.5,21.83,female,general_fitness,intermediate,Mixed Training,41,263.7,4,Normal,Middle-aged,112.9
50,115.4,157.1,46.76,male,general_fitness,intermediate,Mixed Training,52,495.1,5,Obese,Middle-aged,125.0
34,112.0,177.3,35.63,male,flexibility,intermediate,Yoga + Stretching,40,219.5,5,Obese,Adult,108.0
35,98.1,155.3,40.67,female,weight_loss,beginner,Cardio + HIIT,28,267.8,3,Obese,Adult,73.8
33,87.0,152.3,37.51,male,muscle_gain,beginner,Strength Training,26,185.7,3,Obese,Adult,64.6
62,128.3,182.8,38.39,female,weight_loss,advanced,Cardio + HIIT,75,800.0,5,Obese,Senior,166.0
56,57.3,176.8,18.33,male,weight_loss,advanced,Cardio + HIIT,74,368.9,6,Underweight,Senior,166.0
64,106.6,154.1,44.89,male,endurance,beginner,Running + Cycling,40,442.4,3,Obese,Senior,86.0
29,61.3,151.7,26.64,male,general_fitness,intermediate,Mixed Training,42,237.2,4,Overweight,Adult,110.7
30,73.8,199.5,18.54,female,general_fitness,beginner,Mixed Training,41,277.4,3,Normal,Adult,81.2
46,71.2,151.5,31.02,female,endurance,advanced,Running + Cycling,59,483.1,6,Obese,Middle-aged,161.5
16,125.5,172.2,42.32,female,weight_loss,advanced,Cardio + HIIT,62,800.0,6,Obese,Young,163.0
18,127.2,175.2,41.44,female,weight_loss,advanced,Cardio + HIIT,66,800.0,6,Obese,Young,165.0
31,60.6,155.9,24.93,male,muscle_gain,advanced,Strength Training,66,331.6,5,Normal,Adult,165.0
38,46.9,158.5,18.67,male,flexibility,beginner,Yoga + Stretching,25,80.0,3,Normal,Adult,53.5
26,106.2,167.6,37.81,female,flexibility,advanced,Yoga + Stretching,55,297.9,6,Obese,Adult,156.3
27,80.5,188.1,22.75,female,muscle_gain,intermediate,Strength Training,54,367.7,4,Normal,Adult,126.0
25,52.6,175.4,17.1,male,muscle_gain,beginner,Strength Training,41,184.2,4,Underweight,Adult,71.9
47,103.1,181.9,31.16,female,weight_loss,intermediate,Cardio + HIIT,41,386.8,5,Obese,Middle-aged,119.5
31,91.3,199.3,22.99,male,weight_loss,advanced,Cardio + HIIT,71,645.0,5,Normal,Adult,166.0
23,128.3,188.4,36.15,male,muscle_gain,advanced,Strength Training,74,800.0,5,Obese,Young,166.0
53,64.3,171.7,21.81,female,weight_loss,beginner,Cardio + HIIT,33,187.8,3,Normal,Middle-aged,68.3
27,79.3,172.3,26.71,male,muscle_gain,intermediate,Strength Training,51,342.1,4,Overweight,Adult,124.5
39,91.1,180.9,27.84,male,general_fitness,advanced,Mixed Training,58,462.6,6,Overweight,Adult,161.0
43,112.3,183.3,33.42,male,endurance,beginner,Running + Cycling,37,485.6,4,Obese,Middle-aged,84.5
23,91.7,175.0,29.94,male,weight_loss,intermediate,Cardio + HIIT,43,408.1,5,Overweight,Young,120.5
43,97.1,182.2,29.25,female,weight_loss,intermediate,Cardio + HIIT,46,417.6,5,Overweight,Middle-aged,122.0
51,64.2,151.2,28.08,female,muscle_gain,intermediate,Strength Training,53,253.8,5,Overweight,Middle-aged,117.9
41,117.0,171.5,39.78,female,muscle_gain,beginner,Strength Training,33,304.1,4,Obese,Middle-aged,79.9
23,81.4,163.9,30.3,female,muscle_gain,intermediate,Strength Training,40,280.8,4,Obese,Young,114.1
43,57.0,156.5,23.27,male,muscle_gain,advanced,Strength Training,55,244.3,6,Normal,Middle-aged,150.9
43,101.5,155.0,42.25,male,endurance,intermediate,Running + Cycling,59,699.9,4,Obese,Middle-aged,128.5
52,63.4,180.2,19.52,male,flexibility,advanced,Yoga + Stretching,58,163.6,5,Normal,Middle-aged,144.4
56,53.3,176.2,17.17,male,muscle_gain,beginner,Strength Training,25,96.6,4,Underweight,Senior,55.2
51,118.3,162.7,44.69,male,flexibility,beginner,Yoga + Stretching,34,180.0,4,Obese,Middle-aged,68.0
42,84.1,173.5,27.94,female,muscle_gain,intermediate,Strength Training,41,270.1,4,Overweight,Middle-aged,113.5
32,108.7,174.6,35.66,female,weight_loss,beginner,Cardio + HIIT,45,484.3,3,Obese,Adult,88.5
24,69.7,159.8,27.29,male,endurance,advanced,Running + Cycling,69,619.2,6,Overweight,Young,166.0
48,111.9,182.6,33.56,female,endurance,beginner,Running + Cycling,27,343.7,4,Obese,Middle-aged,79.5
35,54.5,189.0,15.26,male,general_fitness,intermediate,Mixed Training,48,233.8,4,Underweight,Adult,113.4
28,75.3,189.6,20.95,female,endurance,beginner,Running + Cycling,41,389.8,4,Normal,Adult,86.5
43,128.1,180.1,39.49,female,general_fitness,advanced,Mixed Training,75,800.0,6,Obese,Middle-aged,166.0
63,112.5,175.6,36.48,male,general_fitness,beginner,Mixed Training,37,318.6,4,Obese,Senior,83.4
44,87.3,153.1,37.24,male,endurance,beginner,Running + Cycling,27,274.0,4,Obese,Middle-aged,73.9
28,73.9,164.4,27.34,female,muscle_gain,beginner,Strength Training,28,174.2,4,Overweight,Adult,64.4
61,119.1,154.7,49.77,female,endurance,advanced,Running + Cycling,58,729.6,5,Obese,Senior,161.0
50,91.3,198.2,23.24,female,general_fitness,beginner,Mixed Training,35,263.6,4,Normal,Middle-aged,76.9
21,109.5,156.8,44.54,female,flexibility,beginner,Yoga + Stretching,31,177.4,4,Obese,Young,66.2
33,109.1,157.6,43.93,female,weight_loss,beginner,Cardio + HIIT,35,376.1,3,Obese,Adult,83.5
20,46.5,194.5,12.29,male,flexibility,intermediate,Yoga + Stretching,50,122.1,4,Underweight,Young,103.2
62,55.7,197.2,14.32,male,weight_loss,beginner,Cardio + HIIT,34,159.1,4,Underweight,Senior,65.9
40,101.1,188.3,28.51,male,muscle_gain,beginner,Strength Training,29,232.1,4,Overweight,Middle-aged,70.7
17,58.7,150.3,25.98,male,weight_loss,beginner,Cardio + HIIT,37,231.3,3,Overweight,Young,74.6
25,66.7,150.1,29.6,male,endurance,intermediate,Running + Cycling,51,435.8,5,Overweight,Adult,124.5
45,125.5,168.9,43.99,female,general_fitness,intermediate,Mixed Training,49,521.4,5,Obese,Middle-aged,123.5
60,92.6,157.2,37.47,female,weight_loss,intermediate,Cardio + HIIT,46,362.1,5,Obese,Senior,122.0
20,108.8,150.9,47.78,male,weight_loss,advanced,Cardio + HIIT,73,800.0,5,Obese,Young,166.0
48,92.4,173.2,30.8,female,weight_loss,advanced,Cardio + HIIT,73,613.8,6,Obese,Middle-aged,166.0
16,92.0,197.2,23.66,male,endurance,beginner,Running + Cycling,43,529.1,4,Normal,Young,87.5
33,53.0,166.2,19.19,male,muscle_gain,advanced,Strength Training,66,287.1,5,Normal,Adult,160.7
47,74.2,183.1,22.13,female,weight_loss,intermediate,Cardio + HIIT,59,400.6,5,Normal,Middle-aged,128.5
62,69.0,182.6,20.69,female,weight_loss,advanced,Cardio + HIIT,69,399.9,6,Normal,Senior,166.0
64,78.2,162.6,29.58,male,muscle_gain,intermediate,Strength Training,44,238.0,5,Overweight,Senior,111.8
26,112.9,182.5,33.9,male,weight_loss,intermediate,Cardio + HIIT,53,610.3,5,Obese,Adult,125.5
36,76.6,160.6,29.7,female,endurance,intermediate,Running + Cycling,51,473.7,4,Overweight,Adult,124.5
41,83.4,156.1,34.23,male,weight_loss,advanced,Cardio + HIIT,75,591.1,5,Obese,Middle-aged,166.0
40,78.8,185.1,23.0,male,endurance,beginner,Running + Cycling,35,327.5,4,Normal,Middle-aged,83.2
37,52.9,155.7,21.82,female,weight_loss,beginner,Cardio + HIIT,29,148.0,4,Normal,Adult,62.3
42,82.5,199.8,20.67,male,muscle_gain,beginner,Strength Training,40,258.5,4,Normal,Middle-aged,78.8
64,61.6,159.2,24.3,male,weight_loss,beginner,Cardio + HIIT,42,214.7,4,Normal,Senior,75.5
28,60.9,179.7,18.86,male,endurance,intermediate,Running + Cycling,51,392.1,4,Normal,Adult,124.5
48,53.0,170.6,18.21,female,general_fitness,beginner,Mixed Training,29,128.2,3,Underweight,Middle-aged,60.3
49,75.3,156.3,30.82,female,general_fitness,beginner,Mixed Training,40,249.9,3,Obese,Middle-aged,78.0
56,109.4,151.4,47.73,male,endurance,advanced,Running + Cycling,66,785.2,6,Obese,Senior,165.0
50,68.5,181.1,20.89,male,muscle_gain,intermediate,Strength Training,41,210.6,5,Normal,Middle-aged,107.6
16,71.5,190.3,19.74,male,flexibility,intermediate,Yoga + Stretching,45,172.1,5,Normal,Young,105.7
36,99.6,192.1,26.99,male,endurance,beginner,Running + Cycling,45,543.4,3,Overweight,Adult,88.5
63,61.6,174.1,20.32,male,weight_loss,beginner,Cardio + HIIT,28,144.0,3,Normal,Senior,61.4
21,121.2,188.9,33.97,female,flexibility,advanced,Yoga + Stretching,67,424.3,5,Obese,Young,165.5
43,89.2,183.6,26.46,male,muscle_gain,advanced,Strength Training,64,444.8,5,Overweight,Middle-aged,164.0
32,83.0,186.2,23.94,male,weight_loss,beginner,Cardio + HIIT,41,336.9,3,Normal,Adult,86.5
20,92.4,174.6,30.31,male,weight_loss,advanced,Cardio + HIIT,68,659.7,6,Obese,Young,166.0
46,59.1,181.7,17.9,male,weight_loss,advanced,Cardio + HIIT,69,375.2,6,Underweight,Middle-aged,166.0
20,97.1,190.3,26.81,male,muscle_gain,advanced,Strength Training,62,526.8,6,Overweight,Young,163.0
53,75.9,169.9,26.29,male,weight_loss,intermediate,Cardio + HIIT,57,382.9,4,Overweight,Middle-aged,127.5
18,121.3,190.3,33.5,female,weight_loss,beginner,Cardio + HIIT,27,347.2,4,Obese,Young,79.5
38,59.4,179.6,18.42,female,weight_loss,intermediate,Cardio + HIIT,56,319.3,5,Underweight,Adult,125.9
52,88.1,158.3,35.16,male,endurance,intermediate,Running + Cycling,46,450.9,4,Obese,Middle-aged,122.0
52,95.8,151.2,41.9,female,endurance,beginner,Running + Cycling,37,394.3,3,Obese,Middle-aged,84.5
25,47.8,168.1,16.92,male,muscle_gain,advanced,Strength Training,70,285.8,5,Underweight,Adult,161.6
25,75.9,177.3,24.14,male,weight_loss,beginner,Cardio + HIIT,29,225.6,4,Normal,Adult,70.1
34,107.3,192.0,29.11,female,weight_loss,intermediate,Cardio + HIIT,43,452.2,4,Overweight,Adult,120.5
32,114.7,156.4,46.89,male,general_fitness,beginner,Mixed Training,34,353.9,4,Obese,Adult,83.0
36,71.6,190.0,19.83,female,muscle_gain,intermediate,Strength Training,52,301.0,5,Normal,Adult,122.1
29,112.9,193.2,30.25,female,muscle_gain,beginner,Strength Training,34,321.5,3,Obese,Adult,82.2
24,127.3,157.5,51.32,female,weight_loss,advanced,Cardio + HIIT,68,800.0,6,Obese,Young,166.0
61,117.8,192.6,31.76,female,endurance,intermediate,Running + Cycling,51,634.6,4,Obese,Senior,124.5
16,55.0,199.6,13.81,male,muscle_gain,advanced,Strength Training,55,269.7,5,Underweight,Young,153.5
60,107.9,186.3,31.09,female,weight_loss,advanced,Cardio + HIIT,75,687.9,6,Obese,Senior,166.0
28,72.2,189.2,20.17,female,weight_loss,intermediate,Cardio + HIIT,59,430.2,5,Normal,Adult,128.5
19,129.0,199.7,32.35,female,muscle_gain,advanced,Strength Training,74,800.0,6,Obese,Young,166.0
16,86.3,180.3,26.55,male,flexibility,beginner,Yoga + Stretching,31,143.1,3,Overweight,Young,62.8
64,55.4,165.4,20.25,female,general_fitness,beginner,Mixed Training,33,139.1,4,Normal,Senior,63.4
55,106.6,191.9,28.95,male,endurance,beginner,Running + Cycling,32,373.1,3,Overweight,Senior,82.0
47,72.5,180.7,22.2,female,endurance,beginner,Running + Cycling,37,306.8,3,Normal,Middle-aged,82.2
49,129.8,179.1,40.47,male,weight_loss,advanced,Cardio + HIIT,68,798.8,6,Obese,Middle-aged,166.0
43,128.3,162.7,48.47,female,endurance,beginner,Running + Cycling,36,539.8,4,Obese,Middle-aged,84.0
46,100.8,187.8,28.58,male,endurance,intermediate,Running + Cycling,47,544.8,5,Overweight,Middle-aged,122.5
23,56.0,154.1,23.58,male,weight_loss,intermediate,Cardio + HIIT,60,347.8,5,Normal,Young,129.0
54,103.4,196.2,26.86,male,general_fitness,intermediate,Mixed Training,57,475.4,4,Overweight,Middle-aged,127.5
41,52.9,166.3,19.13,male,weight_loss,intermediate,Cardio + HIIT,55,274.9,5,Normal,Middle-aged,121.0
49,47.5,156.4,19.42,male,muscle_gain,advanced,Strength Training,65,232.8,5,Normal,Middle-aged,154.8
18,115.0,172.1,38.83,male,endurance,beginner,Running + Cycling,40,609.5,4,Obese,Young,86.0
27,62.8,152.1,27.15,female,endurance,beginner,Running + Cycling,38,302.8,4,Overweight,Adult,82.3
16,77.2,184.2,22.75,female,endurance,intermediate,Running + Cycling,42,433.7,5,Normal,Young,120.0
59,127.7,195.1,33.55,female,weight_loss,intermediate,Cardio + HIIT,60,655.1,4,Obese,Senior,129.0
20,73.6,191.9,19.99,male,flexibility,intermediate,Yoga + Stretching,41,158.4,5,Normal,Young,102.3
45,70.2,156.4,28.7,male,muscle_gain,advanced,Strength Training,57,308.4,5,Overweight,Middle-aged,158.3
45,123.0,156.3,50.35,male,muscle_gain,intermediate,Strength Training,43,407.7,5,Obese,Middle-aged,120.5
32,54.4,190.7,14.96,female,general_fitness,intermediate,Mixed Training,44,217.2,5,Underweight,Adult,109.7
63,109.6,196.2,28.47,female,endurance,beginner,Running + Cycling,34,388.9,3,Overweight,Senior,83.0
62,129.0,173.0,43.1,male,weight_loss,intermediate,Cardio + HIIT,59,639.3,4,Obese,Senior,128.5
38,121.6,174.9,39.75,male,flexibility,intermediate,Yoga + Stretching,41,239.3,5,Obese,Adult,110.4
30,100.4,165.9,36.48,female,weight_loss,beginner,Cardio + HIIT,36,361.4,4,Obese,Adult,84.0
52,71.7,194.7,18.91,female,weight_loss,beginner,Cardio + HIIT,29,185.1,3,Normal,Middle-aged,66.0
36,66.6,182.2,20.06,female,muscle_gain,advanced,Strength Training,59,317.6,6,Normal,Adult,160.3
29,114.6,164.4,42.4,female,general_fitness,beginner,Mixed Training,25,263.9,3,Obese,Adult,71.9
17,119.8,164.9,44.06,male,weight_loss,beginner,Cardio + HIIT,28,357.2,4,Obese,Young,80.0
26,89.7,194.6,23.69,male,endurance,intermediate,Running + Cycling,60,686.2,4,Normal,Adult,129.0
54,65.8,150.7,28.97,male,weight_loss,beginner,Cardio + HIIT,36,208.5,3,Overweight,Middle-aged,71.8
53,54.6,166.1,19.79,male,endurance,advanced,Running + Cycling,66,398.6,5,Normal,Middle-aged,165.0
49,52.4,177.7,16.59,male,muscle_gain,beginner,Strength Training,40,158.1,3,Underweight,Middle-aged,68.8
53,106.1,157.4,42.83,male,endurance,intermediate,Running + Cycling,56,657.3,4,Obese,Middle-aged,127.0
49,80.7,154.6,33.76,male,weight_loss,intermediate,Cardio + HIIT,60,438.2,5,Obese,Middle-aged,129.0
33,122.0,190.8,33.51,male,endurance,advanced,Running + Cycling,64,800.0,6,Obese,Adult,164.0
45,107.9,194.7,28.46,male,general_fitness,beginner,Mixed Training,41,375.1,4,Overweight,Middle-aged,86.5
30,61.3,191.2,16.77,male,endurance,intermediate,Running + Cycling,56,429.1,5,Underweight,Adult,127.0
42,97.2,194.9,25.59,male,muscle_gain,intermediate,Strength Training,57,434.0,5,Overweight,Middle-aged,127.5
49,82.0,177.7,25.97,female,general_fitness,intermediate,Mixed Training,41,278.9,5,Overweight,Middle-aged,114.4
53,94.1,190.6,25.9,female,weight_loss,intermediate,Cardio + HIIT,43,358.1,5,Overweight,Middle-aged,120.5
48,107.7,169.2,37.62,male,endurance,intermediate,Running + Cycling,58,710.6,5,Obese,Middle-aged,128.0
39,113.5,183.3,33.78,male,general_fitness,advanced,Mixed Training,65,645.8,6,Obese,Adult,164.5
30,116.7,199.4,29.35,male,weight_loss,beginner,Cardio + HIIT,41,478.5,3,Overweight,Adult,86.5
45,66.6,161.3,25.6,female,muscle_gain,beginner,Strength Training,36,184.8,3,Overweight,Middle-aged,69.5
57,47.6,169.5,16.57,male,weight_loss,advanced,Cardio + HIIT,56,230.6,6,Underweight,Senior,150.1
32,107.8,174.0,35.61,male,endurance,beginner,Running + Cycling,30,400.2,3,Obese,Adult,81.0
20,54.0,156.9,21.94,female,endurance,advanced,Running + Cycling,63,446.5,6,Normal,Young,163.5
44,71.8,154.1,30.24,male,muscle_gain,intermediate,Strength Training,44,244.8,4,Obese,Middle-aged,112.5
19,45.3,191.5,12.35,male,muscle_gain,intermediate,Strength Training,59,235.0,4,Underweight,Young,119.0
25,102.9,198.8,26.04,male,weight_loss,beginner,Cardio + HIIT,45,474.6,3,Overweight,Adult,88.5
32,59.2,170.2,20.44,male,muscle_gain,beginner,Strength Training,33,161.2,4,Normal,Adult,65.6
25,100.7,154.4,42.24,male,weight_loss,intermediate,Cardio + HIIT,47,485.1,5,Obese,Adult,122.5
32,129.3,153.3,55.02,female,general_fitness,advanced,Mixed Training,74,800.0,6,Obese,Adult,166.0
35,51.2,194.6,13.52,male,weight_loss,advanced,Cardio + HIIT,62,309.5,6,Underweight,Adult,161.0
39,51.6,173.2,17.2,female,general_fitness,beginner,Mixed Training,45,203.3,3,Underweight,Adult,75.8
20,73.9,166.0,26.82,male,endurance,beginner,Running + Cycling,30,291.0,4,Overweight,Young,77.1
49,118.6,173.8,39.26,male,muscle_gain,beginner,Strength Training,27,241.5,3,Obese,Middle-aged,70.6
21,63.3,165.9,23.0,male,endurance,advanced,Running + Cycling,59,487.8,6,Normal,Young,161.5
17,75.6,174.5,24.83,male,muscle_gain,beginner,Strength Training,33,221.4,3,Normal,Young,71.6
28,50.8,193.0,13.64,male,muscle_gain,beginner,Strength Training,31,132.5,3,Underweight,Adult,61.8
58,109.9,179.6,34.07,male,weight_loss,beginner,Cardio + HIIT,28,264.6,3,Obese,Senior,73.5
58,79.7,184.7,23.36,female,muscle_gain,beginner,Strength Training,31,177.1,3,Normal,Senior,66.2
63,109.5,168.2,38.7,male,weight_loss,advanced,Cardio + HIIT,59,539.5,6,Obese,Senior,161.5
26,121.8,186.9,34.87,male,weight_loss,intermediate,Cardio + HIIT,50,621.2,5,Obese,Adult,124.0
62,64.8,183.3,19.29,male,muscle_gain,beginner,Strength Training,39,176.9,3,Normal,Senior,70.2
38,113.6,156.0,46.68,male,weight_loss,beginner,Cardio + HIIT,26,283.5,4,Obese,Adult,74.4
31,50.0,178.6,15.67,male,weight_loss,beginner,Cardio + HIIT,37,184.1,4,Underweight,Adult,69.9
46,121.4,162.8,45.8,male,weight_loss,beginner,Cardio + HIIT,40,446.8,3,Obese,Middle-aged,86.0
26,100.3,190.2,27.73,male,weight_loss,beginner,Cardio + HIIT,31,317.1,4,Overweight,Adult,80.2
31,119.3,171.3,40.66,male,weight_loss,intermediate,Cardio + HIIT,47,557.9,5,Obese,Adult,122.5
23,45.0,199.7,11.28,female,general_fitness,beginner,Mixed Training,30,128.1,4,Underweight,Young,60.8
19,59.4,154.6,24.85,male,weight_loss,beginner,Cardio + HIIT,31,194.3,3,Normal,Young,67.9
55,78.1,189.0,21.86,male,endurance,beginner,Running + Cycling,42,358.8,4,Normal,Senior,87.0
19,77.3,183.7,22.91,female,weight_loss,advanced,Cardio + HIIT,74,603.5,5,Normal,Young,166.0
40,64.3,188.4,18.12,female,general_fitness,intermediate,Mixed Training,46,257.6,4,Underweight,Middle-aged,114.8
18,77.4,165.4,28.29,female,weight_loss,intermediate,Cardio + HIIT,42,344.6,4,Overweight,Young,120.0
47,56.0,174.6,18.37,male,general_fitness,intermediate,Mixed Training,44,206.7,5,Underweight,Middle-aged,108.7
18,80.1,189.8,22.24,female,endurance,intermediate,Running + Cycling,40,424.5,5,Normal,Young,119.0
42,113.2,161.6,43.35,female,weight_loss,beginner,Cardio + HIIT,39,415.0,4,Obese,Middle-aged,85.5
44,85.7,161.3,32.94,male,general_fitness,advanced,Mixed Training,57,416.4,5,Obese,Middle-aged,160.5
47,46.5,177.6,14.74,female,muscle_gain,beginner,Strength Training,32,113.5,4,Underweight,Middle-aged,60.4
34,80.8,176.2,26.03,male,weight_loss,intermediate,Cardio + HIIT,48,380.1,4,Overweight,Adult,123.0
36,47.3,164.1,17.56,female,flexibility,advanced,Yoga + Stretching,69,158.3,6,Underweight,Adult,148.8
20,127.1,164.9,46.74,female,general_fitness,intermediate,Mixed Training,49,599.4,4,Obese,Young,123.5
33,55.8,163.9,20.77,female,muscle_gain,advanced,Strength Training,56,256.5,6,Normal,Adult,152.6
43,105.2,188.6,29.58,female,muscle_gain,intermediate,Strength Training,59,483.6,5,Overweight,Middle-aged,128.5
57,127.7,182.6,38.3,male,flexibility,advanced,Yoga + Stretching,59,325.9,6,Obese,Senior,161.1
37,115.2,191.6,31.38,male,endurance,advanced,Running + Cycling,73,800.0,5,Obese,Adult,166.0
36,104.4,198.8,26.42,female,general_fitness,advanced,Mixed Training,67,622.0,5,Overweight,Adult,165.5
21,116.4,173.7,38.58,female,endurance,advanced,Running + Cycling,65,800.0,6,Obese,Young,164.5
16,128.5,153.3,54.68,female,weight_loss,advanced,Cardio + HIIT,55,756.2,5,Obese,Young,159.5
20,97.8,152.4,42.11,female,general_fitness,intermediate,Mixed Training,54,508.3,4,Obese,Young,126.0
56,92.5,164.8,34.06,female,weight_loss,beginner,Cardio + HIIT,42,338.0,3,Obese,Senior,87.0
27,98.4,196.6,25.46,female,weight_loss,beginner,Cardio + HIIT,40,399.5,4,Overweight,Adult,86.0
41,90.3,176.2,29.09,male,muscle_gain,intermediate,Strength Training,48,341.3,5,Overweight,Middle-aged,123.0
61,99.0,163.6,36.99,male,endurance,advanced,Running + Cycling,55,575.1,6,Obese,Senior,159.5
49,83.2,170.0,28.79,female,weight_loss,intermediate,Cardio + HIIT,50,376.5,4,Overweight,Middle-aged,124.0
64,63.6,179.9,19.65,male,flexibility,advanced,Yoga + Stretching,63,166.3,6,Normal,Senior,147.1
29,55.2,182.6,16.56,male,muscle_gain,advanced,Strength Training,65,300.5,5,Underweight,Adult,161.6
41,50.8,157.7,20.43,male,muscle_gain,beginner,Strength Training,37,148.0,3,Normal,Middle-aged,66.3
60,67.4,198.9,17.04,female,flexibility,beginner,Yoga + Stretching,26,80.0,4,Underweight,Senior,54.0
42,48.9,177.2,15.57,female,muscle_gain,beginner,Strength Training,38,145.6,4,Underweight,Middle-aged,66.6
24,93.2,156.8,37.91,female,weight_loss,beginner,Cardio + HIIT,30,288.0,4,Obese,Young,76.8
41,69.1,194.7,18.23,male,weight_loss,intermediate,Cardio + HIIT,47,306.9,4,Underweight,Middle-aged,120.2
62,115.1,153.7,48.72,female,general_fitness,advanced,Mixed Training,72,638.1,5,Obese,Senior,166.0
37,51.3,195.4,13.44,female,weight_loss,advanced,Cardio + HIIT,70,346.5,6,Underweight,Adult,166.0
62,64.2,199.8,16.08,male,muscle_gain,intermediate,Strength Training,60,269.6,4,Underweight,Senior,123.0
45,107.1,185.0,31.29,male,muscle_gain,beginner,Strength Training,36,297.2,4,Obese,Middle-aged,80.7
58,95.9,188.5,26.99,male,muscle_gain,beginner,Strength Training,35,240.5,4,Overweight,Senior,74.6
63,50.5,166.9,18.13,female,weight_loss,intermediate,Cardio + HIIT,45,189.8,5,Underweight,Senior,107.5
32,119.6,197.1,30.79,female,muscle_gain,beginner,Strength Training,27,266.4,4,Obese,Adult,73.1
41,119.6,176.5,38.39,male,muscle_gain,beginner,Strength Training,38,357.9,4,Obese,Middle-aged,85.0
51,73.1,186.6,20.99,female,general_fitness,intermediate,Mixed Training,41,245.9,5,Normal,Middle-aged,111.1
16,73.9,196.2,19.2,male,weight_loss,beginner,Cardio + HIIT,35,276.8,3,Normal,Young,78.2
23,129.1,198.8,32.67,male,muscle_gain,advanced,Strength Training,57,634.7,5,Obese,Young,160.5
64,98.2,191.7,26.72,male,muscle_gain,beginner,Strength Training,42,285.3,4,Overweight,Senior,82.5
50,90.2,165.2,33.05,male,muscle_gain,beginner,Strength Training,25,169.1,4,Obese,Middle-aged,62.4
30,116.2,198.3,29.55,male,endurance,beginner,Running + Cycling,25,363.1,3,Overweight,Adult,78.5
62,69.2,181.4,21.03,male,weight_loss,beginner,Cardio + HIIT,36,209.3,3,Normal,Senior,71.9
37,81.5,196.5,21.11,male,weight_loss,intermediate,Cardio + HIIT,54,424.7,5,Normal,Adult,126.0
29,67.8,183.8,20.07,male,endurance,intermediate,Running + Cycling,44,374.8,5,Normal,Adult,121.0
41,112.1,165.4,40.98,female,muscle_gain,intermediate,Strength Training,45,397.3,4,Obese,Middle-aged,121.5
43,93.7,168.5,33.0,male,muscle_gain,intermediate,Strength Training,55,401.5,5,Obese,Middle-aged,126.5
38,101.0,177.5,32.06,male,weight_loss,beginner,Cardio + HIIT,36,349.1,3,Obese,Adult,84.0
29,66.4,189.5,18.49,female,weight_loss,intermediate,Cardio + HIIT,51,340.3,5,Underweight,Adult,124.5
39,63.7,165.9,23.14,male,weight_loss,beginner,Cardio + HIIT,27,164.3,3,Normal,Adult,62.9
17,86.5,179.0,27.0,female,weight_loss,beginner,Cardio + HIIT,26,239.5,4,Overweight,Young,70.0
60,107.7,167.3,38.48,female,endurance,advanced,Running + Cycling,61,698.0,6,Obese,Senior,162.5
41,89.6,190.8,24.61,male,general_fitness,advanced,Mixed Training,56,434.6,6,Normal,Middle-aged,160.0
29,47.8,173.3,15.92,female,weight_loss,intermediate,Cardio + HIIT,60,288.2,4,Underweight,Adult,124.8
22,118.8,153.8,50.22,female,muscle_gain,beginner,Strength Training,31,319.2,4,Obese,Young,80.4
18,50.5,158.3,20.15,female,weight_loss,beginner,Cardio + HIIT,35,187.4,3,Normal,Young,69.2
62,126.2,153.1,53.84,female,muscle_gain,advanced,Strength Training,65,574.2,5,Obese,Senior,164.5
38,47.1,175.0,15.38,male,weight_loss,beginner,Cardio + HIIT,38,171.8,3,Underweight,Adult,69.2
61,104.0,155.3,43.12,female,general_fitness,beginner,Mixed Training,27,217.5,3,Obese,Senior,68.2
58,52.0,155.7,21.45,male,endurance,beginner,Running + Cycling,38,212.4,4,Normal,Senior,73.2
62,122.4,197.1,31.51,male,general_fitness,beginner,Mixed Training,35,329.9,4,Obese,Senior,83.5
60,84.5,193.6,22.54,male,general_fitness,beginner,Mixed Training,28,184.4,4,Normal,Senior,65.4
33,56.7,172.6,19.03,male,muscle_gain,intermediate,Strength Training,56,260.6,4,Normal,Adult,120.1
53,74.0,199.3,18.63,male,muscle_gain,intermediate,Strength Training,55,300.2,5,Normal,Middle-aged,123.5
50,59.0,150.0,26.22,female,weight_loss,advanced,Cardio + HIIT,57,302.7,5,Overweight,Middle-aged,157.8
30,59.5,180.7,18.22,female,muscle_gain,beginner,Strength Training,34,168.6,3,Underweight,Adult,66.9
40,125.6,180.8,38.42,male,general_fitness,beginner,Mixed Training,45,492.2,3,Obese,Middle-aged,88.5
52,82.8,172.9,27.7,female,weight_loss,intermediate,Cardio + HIIT,54,397.9,5,Overweight,Middle-aged,126.0
43,112.0,169.8,38.85,female,general_fitness,intermediate,Mixed Training,47,451.2,4,Obese,Middle-aged,122.5
25,99.4,172.8,33.29,male,muscle_gain,intermediate,Strength Training,57,484.0,5,Obese,Adult,127.5
54,102.5,170.7,35.18,male,general_fitness,advanced,Mixed Training,57,471.3,6,Obese,Middle-aged,160.5
32,56.2,186.5,16.16,female,general_fitness,beginner,Mixed Training,31,158.1,4,Underweight,Adult,64.3
54,64.9,156.8,26.4,female,endurance,advanced,Running + Cycling,64,456.9,5,Overweight,Middle-aged,164.0
37,111.9,159.9,43.77,female,endurance,intermediate,Running + Cycling,59,796.4,5,Obese,Adult,128.5
41,127.5,159.0,50.43,female,muscle_gain,beginner,Strength Training,33,331.3,3,Obese,Middle-aged,82.5
59,67.3,163.1,25.3,male,flexibility,advanced,Yoga + Stretching,68,195.6,5,Overweight,Senior,152.6
40,68.1,176.3,21.91,male,general_fitness,intermediate,Mixed Training,53,314.3,4,Normal,Middle-aged,123.9
32,85.2,155.6,35.19,female,flexibility,beginner,Yoga + Stretching,35,147.6,3,Obese,Adult,65.3
28,128.6,193.4,34.38,male,endurance,beginner,Running + Cycling,25,405.9,4,Obese,Adult,78.5
35,67.9,164.9,24.97,female,endurance,beginner,Running + Cycling,28,231.7,4,Normal,Adult,70.2
40,79.6,158.1,31.85,female,flexibility,intermediate,Yoga + Stretching,45,170.1,5,Obese,Middle-aged,105.5
19,120.8,183.8,35.76,female,muscle_gain,beginner,Strength Training,29,308.0,4,Obese,Young,78.3
25,45.2,151.9,19.59,female,flexibility,beginner,Yoga + Stretching,27,80.0,3,Normal,Adult,54.5
18,48.4,181.0,14.77,male,muscle_gain,beginner,Strength Training,26,111.2,3,Underweight,Young,57.1
56,96.3,184.9,28.17,female,weight_loss,intermediate,Cardio + HIIT,42,351.9,4,Overweight,Senior,120.0
60,122.1,160.7,47.28,female,muscle_gain,advanced,Strength Training,63,544.9,5,Obese,Senior,163.5
33,65.3,152.1,28.23,female,muscle_gain,advanced,Strength Training,73,391.3,6,Overweight,Adult,166.0
62,84.9,168.2,30.01,female,weight_loss,beginner,Cardio + HIIT,43,306.7,4,Obese,Senior,85.2
51,83.3,154.9,34.72,male,weight_loss,advanced,Cardio + HIIT,71,529.3,5,Obese,Middle-aged,166.0
62,85.2,155.8,35.1,female,muscle_gain,intermediate,Strength Training,57,339.9,4,Obese,Senior,127.5
37,97.9,162.7,36.98,female,weight_loss,advanced,Cardio + HIIT,65,614.1,5,Obese,Adult,164.5
49,84.9,164.8,31.26,male,muscle_gain,intermediate,Strength Training,51,326.5,4,Obese,Middle-aged,124.2
62,83.0,176.5,26.64,female,endurance,intermediate,Running + Cycling,42,366.0,5,Overweight,Senior,120.0
23,85.3,183.9,25.22,female,general_fitness,advanced,Mixed Training,72,582.7,5,Overweight,Young,166.0
55,95.2,179.6,29.51,female,endurance,beginner,Running + Cycling,30,312.4,4,Overweight,Senior,79.2
64,90.6,157.4,36.57,male,general_fitness,intermediate,Mixed Training,46,317.1,5,Obese,Senior,120.7
59,117.6,158.6,46.75,female,endurance,advanced,Running + Cycling,55,691.3,5,Obese,Senior,159.5
34,49.2,193.9,13.09,female,weight_loss,advanced,Cardio + HIIT,60,289.3,5,Underweight,Adult,157.9
57,115.8,177.9,36.59,male,endurance,advanced,Running + Cycling,72,800.0,6,Obese,Senior,166.0
56,116.7,193.5,31.17,male,endurance,intermediate,Running + Cycling,52,659.9,5,Obese,Senior,125.0
52,69.2,168.6,24.34,male,muscle_gain,beginner,Strength Training,43,220.7,3,Normal,Middle-aged,76.6
21,84.3,180.7,25.82,female,weight_loss,beginner,Cardio + HIIT,31,273.1,4,Overweight,Young,75.8
41,82.3,176.2,26.51,female,endurance,intermediate,Running + Cycling,58,563.9,4,Overweight,Middle-aged,128.0
49,63.6,166.0,23.08,male,weight_loss,intermediate,Cardio + HIIT,48,276.3,4,Normal,Middle-aged,117.6
60,78.7,173.5,26.14,male,endurance,beginner,Running + Cycling,27,225.8,4,Overweight,Senior,69.1
21,48.8,175.1,15.92,male,weight_loss,beginner,Cardio + HIIT,36,183.6,4,Underweight,Young,69.4
52,68.6,160.0,26.8,female,endurance,intermediate,Running + Cycling,59,450.3,4,Overweight,Middle-aged,128.5
48,114.4,165.8,41.62,male,muscle_gain,advanced,Strength Training,72,624.6,5,Obese,Middle-aged,166.0
37,69.2,189.6,19.25,male,weight_loss,advanced,Cardio + HIIT,62,414.0,6,Normal,Adult,163.0
36,114.5,195.8,29.87,male,muscle_gain,advanced,Strength Training,63,583.1,6,Overweight,Adult,163.5
21,90.2,168.0,31.96,female,endurance,advanced,Running + Cycling,67,789.4,6,Obese,Young,165.5
21,119.8,165.3,43.84,male,flexibility,intermediate,Yoga + Stretching,47,294.2,5,Obese,Young,118.9
63,93.9,159.8,36.77,male,general_fitness,advanced,Mixed Training,64,460.0,5,Obese,Senior,164.0
19,47.5,183.9,14.05,female,muscle_gain,intermediate,Strength Training,56,233.9,4,Underweight,Young,117.4
45,102.4,166.2,37.07,male,endurance,advanced,Running + Cycling,61,722.2,5,Obese,Middle-aged,162.5
26,48.8,199.4,12.27,male,muscle_gain,advanced,Strength Training,71,294.5,6,Underweight,Adult,162.4
45,83.3,166.3,30.12,female,muscle_gain,advanced,Strength Training,72,462.3,6,Obese,Middle-aged,166.0
46,124.0,169.7,43.06,male,weight_loss,beginner,Cardio + HIIT,26,296.6,3,Obese,Middle-aged,75.7
39,59.0,180.2,18.17,female,endurance,beginner,Running + Cycling,27,190.2,4,Underweight,Adult,65.5
24,78.1,190.1,21.61,male,muscle_gain,beginner,Strength Training,43,288.3,4,Normal,Young,83.3
18,107.0,173.5,35.55,female,weight_loss,beginner,Cardio + HIIT,25,283.6,4,Obese,Young,73.9
46,120.0,171.1,40.99,male,endurance,beginner,Running + Cycling,45,621.0,4,Obese,Middle-aged,88.5
55,102.0,199.8,25.55,female,endurance,beginner,Running + Cycling,45,502.0,4,Overweight,Senior,88.5
52,66.9,150.5,29.54,male,muscle_gain,beginner,Strength Training,34,168.7,4,Overweight,Middle-aged,66.9
51,102.3,194.8,26.96,male,weight_loss,intermediate,Cardio + HIIT,60,549.4,4,Overweight,Middle-aged,129.0
39,70.2,157.5,28.3,female,muscle_gain,intermediate,Strength Training,53,296.1,4,Overweight,Adult,122.1
46,106.1,189.3,29.61,female,muscle_gain,beginner,Strength Training,37,301.0,3,Overweight,Middle-aged,81.6
21,126.1,180.9,38.53,male,endurance,intermediate,Running + Cycling,48,790.6,4,Obese,Young,123.0
17,106.3,167.1,38.07,female,muscle_gain,intermediate,Strength Training,45,424.5,5,Obese,Young,121.5
35,118.3,193.7,31.53,male,endurance,intermediate,Running + Cycling,45,648.8,4,Obese,Adult,121.5
43,45.2,150.6,19.93,female,general_fitness,advanced,Mixed Training,73,282.8,5,Normal,Middle-aged,161.3
26,106.0,161.3,40.74,male,weight_loss,beginner,Cardio + HIIT,45,486.5,3,Obese,Adult,88.5
19,115.5,178.3,36.33,female,general_fitness,beginner,Mixed Training,34,379.8,3,Obese,Young,83.0
30,48.4,167.6,17.23,male,muscle_gain,intermediate,Strength Training,42,169.4,5,Underweight,Adult,103.9
21,119.1,180.5,36.56,male,weight_loss,beginner,Cardio + HIIT,42,522.7,4,Obese,Young,87.0
64,66.8,151.2,29.22,male,muscle_gain,intermediate,Strength Training,60,277.2,4,Overweight,Senior,123.7
45,101.5,155.8,41.81,male,weight_loss,beginner,Cardio + HIIT,43,403.7,3,Obese,Middle-aged,87.5
53,113.0,156.4,46.2,female,weight_loss,beginner,Cardio + HIIT,29,290.0,4,Obese,Middle-aged,76.5
17,101.3,159.5,39.82,female,muscle_gain,beginner,Strength Training,35,314.7,4,Obese,Young,82.0
30,52.8,173.0,17.64,female,flexibility,beginner,Yoga + Stretching,34,89.8,3,Underweight,Adult,59.0
26,95.7,187.6,27.19,male,general_fitness,intermediate,Mixed Training,56,501.1,5,Overweight,Adult,127.0
23,91.7,195.3,24.04,male,endurance,intermediate,Running + Cycling,43,510.1,5,Normal,Young,120.5
41,121.5,191.8,33.03,female,weight_loss,beginner,Cardio + HIIT,45,516.7,3,Obese,Middle-aged,88.5
60,79.4,159.8,31.09,female,endurance,beginner,Running + Cycling,42,354.3,4,Obese,Senior,87.0
59,72.3,172.1,24.41,male,endurance,beginner,Running + Cycling,42,324.5,3,Normal,Senior,86.4
20,108.7,160.0,42.46,female,flexibility,beginner,Yoga + Stretching,25,142.7,3,Obese,Young,59.8
21,80.1,163.2,30.07,female,flexibility,advanced,Yoga + Stretching,68,284.6,6,Obese,Young,161.5
41,99.9,175.2,32.55,female,general_fitness,beginner,Mixed Training,32,276.9,4,Obese,Middle-aged,76.7
19,99.9,153.4,42.45,male,muscle_gain,intermediate,Strength Training,41,360.1,5,Obese,Young,119.5
34,120.5,160.9,46.55,male,endurance,advanced,Running + Cycling,73,800.0,6,Obese,Adult,166.0
35,95.9,196.8,24.76,male,weight_loss,beginner,Cardio + HIIT,39,364.7,4,Normal,Adult,85.5
48,87.7,173.3,29.2,male,general_fitness,intermediate,Mixed Training,41,299.9,5,Overweight,Middle-aged,116.5
35,56.8,172.3,19.13,male,weight_loss,advanced,Cardio + HIIT,58,321.2,5,Normal,Adult,160.1
64,54.8,150.7,24.13,male,weight_loss,advanced,Cardio + HIIT,55,250.2,6,Normal,Senior,151.5
27,58.1,162.4,22.03,female,weight_loss,intermediate,Cardio + HIIT,58,342.0,4,Normal,Adult,128.0
62,59.6,193.3,15.95,male,flexibility,advanced,Yoga + Stretching,75,187.7,6,Underweight,Senior,151.8
16,99.2,158.2,39.64,male,muscle_gain,advanced,Strength Training,64,566.1,6,Obese,Young,164.0
41,108.0,170.8,37.02,female,muscle_gain,beginner,Strength Training,25,212.6,4,Obese,Middle-aged,66.8
29,90.0,150.7,39.63,female,general_fitness,advanced,Mixed Training,74,613.6,6,Obese,Adult,166.0
53,115.5,173.9,38.19,female,general_fitness,intermediate,Mixed Training,54,506.0,5,Obese,Middle-aged,126.0
52,129.3,151.1,56.63,male,muscle_gain,intermediate,Strength Training,43,412.4,4,Obese,Middle-aged,120.5
26,114.7,191.0,31.44,female,weight_loss,advanced,Cardio + HIIT,61,713.7,5,Obese,Adult,162.5
51,104.1,191.2,28.48,female,flexibility,advanced,Yoga + Stretching,61,284.2,5,Overweight,Middle-aged,157.9
28,90.3,189.4,25.17,male,general_fitness,beginner,Mixed Training,42,351.1,4,Overweight,Adult,87.0
58,83.2,164.2,30.86,female,muscle_gain,beginner,Strength Training,37,220.6,4,Obese,Senior,73.6
18,52.2,191.9,14.17,male,endurance,intermediate,Running + Cycling,49,338.9,5,Underweight,Young,123.5
48,78.9,177.1,25.16,male,weight_loss,intermediate,Cardio + HIIT,47,337.5,4,Overweight,Middle-aged,122.5
21,122.4,168.7,43.01,male,flexibility,intermediate,Yoga + Stretching,49,313.4,4,Obese,Young,121.8
25,113.7,181.3,34.59,male,endurance,advanced,Running + Cycling,68,800.0,6,Obese,Adult,166.0
20,63.4,150.6,27.95,male,muscle_gain,advanced,Strength Training,68,377.2,5,Overweight,Young,166.0
38,84.7,157.1,34.32,female,weight_loss,intermediate,Cardio + HIIT,59,479.7,5,Obese,Adult,128.5
25,114.4,187.1,32.68,male,general_fitness,beginner,Mixed Training,35,376.2,4,Obese,Adult,83.5
59,50.7,162.2,19.27,female,endurance,intermediate,Running + Cycling,45,243.8,4,Normal,Senior,112.9
17,77.9,179.9,24.07,female,weight_loss,intermediate,Cardio + HIIT,60,497.8,4,Normal,Young,129.0
28,117.4,169.3,40.96,male,endurance,intermediate,Running + Cycling,40,592.9,4,Obese,Adult,119.0
55,79.3,192.7,21.36,male,endurance,intermediate,Running + Cycling,58,503.1,4,Normal,Senior,128.0
17,51.6,197.6,13.22,female,muscle_gain,intermediate,Strength Training,46,210.7,5,Underweight,Young,110.1
35,91.1,194.2,24.16,female,endurance,beginner,Running + Cycling,42,466.3,4,Normal,Adult,87.0
16,118.2,163.5,44.22,male,endurance,beginner,Running + Cycling,27,426.8,3,Obese,Young,79.5
52,95.2,159.7,37.33,male,general_fitness,intermediate,Mixed Training,59,458.2,4,Obese,Middle-aged,128.5
24,64.2,173.7,21.28,female,weight_loss,beginner,Cardio + HIIT,35,231.4,3,Normal,Young,73.6
32,77.7,150.4,34.35,male,weight_loss,beginner,Cardio + HIIT,29,223.1,3,Obese,Adult,69.8
24,83.3,151.3,36.39,female,weight_loss,beginner,Cardio + HIIT,43,368.9,4,Obese,Young,87.5
26,94.2,177.7,29.83,female,endurance,intermediate,Running + Cycling,60,720.6,5,Overweight,Adult,129.0
30,109.5,176.0,35.35,male,endurance,beginner,Running + Cycling,26,355.9,4,Obese,Adult,79.0
39,53.4,199.7,13.39,male,general_fitness,advanced,Mixed Training,58,271.1,6,Underweight,Adult,155.1
53,120.6,160.1,47.05,male,endurance,intermediate,Running + Cycling,49,653.7,5,Obese,Middle-aged,123.5
50,46.0,162.9,17.33,female,muscle_gain,intermediate,Strength Training,41,141.4,5,Underweight,Middle-aged,100.6
45,76.5,155.7,31.56,male,general_fitness,intermediate,Mixed Training,47,304.9,5,Obese,Middle-aged,120.0
46,47.3,195.9,12.33,male,weight_loss,beginner,Cardio + HIIT,25,108.8,3,Underweight,Middle-aged,56.4
64,78.4,188.9,21.97,female,flexibility,intermediate,Yoga + Stretching,45,146.4,5,Normal,Senior,103.1
20,89.7,191.1,24.56,male,muscle_gain,advanced,Strength Training,65,510.2,5,Normal,Young,164.5
59,88.5,195.1,23.25,male,endurance,advanced,Running + Cycling,64,605.3,5,Normal,Senior,164.0
29,59.1,176.2,19.04,female,endurance,advanced,Running + Cycling,67,497.4,5,Normal,Adult,165.5
26,99.9,172.6,33.53,male,endurance,intermediate,Running + Cycling,40,509.5,5,Obese,Adult,119.0
24,48.8,166.5,17.6,female,weight_loss,beginner,Cardio + HIIT,26,130.7,4,Underweight,Young,59.1
49,109.8,179.5,34.08,female,muscle_gain,beginner,Strength Training,27,223.6,4,Obese,Middle-aged,68.9
27,125.5,172.7,42.08,male,endurance,intermediate,Running + Cycling,48,764.3,5,Obese,Adult,123.0
50,73.9,172.6,24.81,male,flexibility,beginner,Yoga + Stretching,29,96.4,3,Normal,Middle-aged,57.1
50,89.0,196.8,22.98,male,muscle_gain,beginner,Strength Training,34,227.0,4,Normal,Middle-aged,72.7
16,77.2,199.2,19.46,female,general_fitness,advanced,Mixed Training,64,484.6,5,Normal,Young,164.0
55,45.6,189.8,12.66,male,muscle_gain,beginner,Strength Training,36,119.7,4,Underweight,Senior,63.0
37,77.8,187.8,22.06,female,muscle_gain,beginner,Strength Training,42,262.8,4,Normal,Adult,80.3
44,112.3,184.0,33.17,female,flexibility,advanced,Yoga + Stretching,75,391.6,5,Obese,Middle-aged,166.0
23,95.7,158.3,38.19,male,endurance,advanced,Running + Cycling,75,800.0,5,Obese,Young,166.0
26,53.6,153.0,22.9,female,general_fitness,beginner,Mixed Training,25,125.3,3,Normal,Adult,58.0
56,117.0,184.5,34.37,male,endurance,advanced,Running + Cycling,57,725.3,6,Obese,Senior,160.5
52,90.1,186.4,25.93,female,muscle_gain,advanced,Strength Training,59,394.3,6,Overweight,Middle-aged,161.5
29,116.5,152.3,50.23,female,weight_loss,intermediate,Cardio + HIIT,56,655.7,4,Obese,Adult,127.0
45,94.3,196.4,24.45,male,muscle_gain,beginner,Strength Training,32,232.6,4,Normal,Middle-aged,72.3
50,92.6,154.6,38.74,male,weight_loss,beginner,Cardio + HIIT,41,341.7,3,Obese,Middle-aged,86.5
36,53.9,164.3,19.97,female,endurance,intermediate,Running + Cycling,48,313.7,5,Normal,Adult,121.4
52,59.2,183.6,17.56,female,weight_loss,beginner,Cardio + HIIT,30,158.1,3,Underweight,Middle-aged,63.8
20,127.6,158.5,50.79,female,weight_loss,advanced,Cardio + HIIT,71,800.0,5,Obese,Young,166.0
34,64.4,152.8,27.58,male,weight_loss,advanced,Cardio + HIIT,62,391.3,6,Overweight,Adult,163.0
29,128.1,166.6,46.15,male,weight_loss,advanced,Cardio + HIIT,75,800.0,5,Obese,Adult,166.0
41,90.2,188.3,25.44,male,muscle_gain,advanced,Strength Training,61,433.3,6,Overweight,Middle-aged,162.5
19,56.5,170.7,19.39,female,general_fitness,advanced,Mixed Training,61,333.3,6,Normal,Young,162.5
40,53.4,182.6,16.02,male,flexibility,beginner,Yoga + Stretching,39,98.9,3,Underweight,Middle-aged,62.4
60,62.8,179.0,19.6,male,endurance,beginner,Running + Cycling,31,206.8,3,Normal,Senior,69.2
57,123.7,151.1,54.18,female,flexibility,intermediate,Yoga + Stretching,47,251.5,5,Obese,Senior,114.6
40,80.2,199.4,20.17,male,weight_loss,beginner,Cardio + HIIT,33,251.4,4,Normal,Middle-aged,74.6
33,78.6,152.1,33.98,male,general_fitness,intermediate,Mixed Training,54,383.2,4,Obese,Adult,126.0
55,71.6,198.4,18.19,male,weight_loss,intermediate,Cardio + HIIT,41,256.9,4,Underweight,Senior,112.2
23,57.5,177.5,18.25,female,muscle_gain,advanced,Strength Training,61,302.5,5,Underweight,Young,159.8
54,86.5,198.2,22.02,male,endurance,intermediate,Running + Cycling,54,513.8,5,Normal,Middle-aged,126.0
55,56.1,155.7,23.14,male,weight_loss,advanced,Cardio + HIIT,72,353.4,6,Normal,Senior,166.0
29,116.0,174.5,38.09,male,endurance,beginner,Running + Cycling,42,612.0,4,Obese,Adult,87.0
47,76.5,158.5,30.45,female,muscle_gain,intermediate,Strength Training,49,285.8,4,Obese,Middle-aged,119.1
53,76.9,152.5,33.07,female,flexibility,beginner,Yoga + Stretching,42,142.9,3,Obese,Middle-aged,68.3
48,85.3,180.9,26.07,male,muscle_gain,advanced,Strength Training,55,355.8,6,Overweight,Middle-aged,159.5
38,82.8,160.4,32.18,male,weight_loss,beginner,Cardio + HIIT,31,246.4,4,Obese,Adult,73.1
30,129.6,179.4,40.27,female,endurance,intermediate,Running + Cycling,42,680.4,4,Obese,Adult,120.0
48,91.4,155.6,37.75,female,weight_loss,beginner,Cardio + HIIT,38,316.1,4,Obese,Middle-aged,83.6
40,52.5,166.6,18.92,female,muscle_gain,beginner,Strength Training,36,149.6,3,Normal,Middle-aged,66.0
32,96.6,189.1,27.01,female,weight_loss,intermediate,Cardio + HIIT,53,506.9,4,Overweight,Adult,125.5
48,57.9,171.9,19.59,female,endurance,intermediate,Running + Cycling,43,283.2,4,Normal,Middle-aged,115.8
62,47.6,181.4,14.47,female,endurance,beginner,Running + Cycling,37,184.9,4,Underweight,Senior,70.0
17,127.5,182.4,38.32,male,muscle_gain,beginner,Strength Training,40,452.6,4,Obese,Young,86.0
29,110.8,192.2,29.99,male,general_fitness,intermediate,Mixed Training,55,561.4,4,Overweight,Adult,126.5
55,128.3,166.2,46.45,male,general_fitness,intermediate,Mixed Training,44,452.8,4,Obese,Senior,121.0
55,85.6,184.4,25.17,female,endurance,beginner,Running + Cycling,44,411.9,4,Overweight,Senior,88.0
54,90.2,198.1,22.98,female,endurance,intermediate,Running + Cycling,45,446.5,4,Normal,Middle-aged,121.5
21,59.3,186.5,17.05,female,weight_loss,beginner,Cardio + HIIT,30,185.9,4,Underweight,Young,66.6
21,66.0,174.5,21.67,male,endurance,intermediate,Running + Cycling,57,491.4,5,Normal,Young,127.5
18,116.3,181.5,35.3,male,weight_loss,beginner,Cardio + HIIT,30,369.8,4,Obese,Young,81.0
22,75.3,187.0,21.53,male,weight_loss,intermediate,Cardio + HIIT,46,360.2,4,Normal,Young,122.0
23,115.3,180.6,35.35,male,general_fitness,beginner,Mixed Training,40,437.6,3,Obese,Young,86.0
57,105.3,150.8,46.3,female,endurance,advanced,Running + Cycling,63,717.3,5,Obese,Senior,163.5
30,60.1,159.7,23.56,female,muscle_gain,beginner,Strength Training,37,185.3,3,Normal,Adult,70.0
62,88.1,190.5,24.28,male,weight_loss,beginner,Cardio + HIIT,36,266.4,4,Normal,Senior,77.6
44,102.6,163.6,38.33,male,endurance,beginner,Running + Cycling,43,512.9,3,Obese,Middle-aged,87.5
48,65.0,186.6,18.67,female,weight_loss,advanced,Cardio + HIIT,55,325.3,6,Normal,Middle-aged,159.0
45,115.6,168.6,40.67,male,weight_loss,intermediate,Cardio + HIIT,47,502.6,4,Obese,Middle-aged,122.5
54,91.3,176.1,29.44,female,weight_loss,intermediate,Cardio + HIIT,43,345.5,4,Overweight,Middle-aged,120.5
42,59.0,153.4,25.07,male,muscle_gain,advanced,Strength Training,75,346.6,5,Overweight,Middle-aged,166.0
51,94.6,159.1,37.37,male,endurance,advanced,Running + Cycling,73,772.6,5,Obese,Middle-aged,166.0
44,130.0,197.9,33.19,male,weight_loss,intermediate,Cardio + HIIT,60,725.4,4,Obese,Middle-aged,129.0
53,57.8,194.5,15.28,male,endurance,beginner,Running + Cycling,29,185.4,4,Underweight,Middle-aged,66.0
48,114.4,182.6,34.31,female,weight_loss,advanced,Cardio + HIIT,71,739.1,5,Obese,Middle-aged,166.0
52,62.6,173.0,20.92,male,endurance,beginner,Running + Cycling,27,188.0,3,Normal,Middle-aged,65.3
42,111.5,183.8,33.01,male,general_fitness,intermediate,Mixed Training,58,557.2,4,Obese,Middle-aged,128.0
48,107.4,180.9,32.82,male,endurance,intermediate,Running + Cycling,40,488.7,4,Obese,Middle-aged,119.0
19,70.5,178.4,22.15,male,general_fitness,advanced,Mixed Training,55,375.0,5,Normal,Young,159.5
37,72.7,153.0,31.06,male,general_fitness,intermediate,Mixed Training,59,379.4,5,Obese,Adult,128.5
17,112.4,181.6,34.08,male,muscle_gain,intermediate,Strength Training,48,478.8,4,Obese,Young,123.0
25,84.2,188.4,23.72,female,endurance,advanced,Running + Cycling,59,636.5,6,Normal,Adult,161.5
20,107.1,199.7,26.86,female,general_fitness,beginner,Mixed Training,31,319.6,3,Overweight,Young,80.5
25,57.6,150.6,25.4,male,muscle_gain,beginner,Strength Training,30,147.6,4,Overweight,Adult,62.8
48,117.5,186.5,33.78,male,weight_loss,intermediate,Cardio + HIIT,56,598.8,4,Obese,Middle-aged,127.0
53,105.4,178.6,33.04,male,general_fitness,advanced,Mixed Training,71,607.1,5,Obese,Middle-aged,166.0
28,122.1,171.7,41.42,male,endurance,beginner,Running + Cycling,37,570.4,4,Obese,Adult,84.5
46,56.3,156.4,23.02,female,weight_loss,beginner,Cardio + HIIT,36,186.5,3,Normal,Middle-aged,69.6
62,95.4,170.5,32.82,female,muscle_gain,beginner,Strength Training,28,187.0,4,Obese,Senior,65.7
51,95.9,167.7,34.1,female,flexibility,beginner,Yoga + Stretching,32,137.3,3,Obese,Middle-aged,62.7
60,75.0,165.1,27.51,male,muscle_gain,advanced,Strength Training,59,313.4,6,Overweight,Senior,159.8
39,84.0,186.5,24.15,male,endurance,intermediate,Running + Cycling,44,441.2,5,Normal,Adult,121.0
30,48.2,185.0,14.08,female,flexibility,intermediate,Yoga + Stretching,52,125.3,5,Underweight,Adult,104.5
44,108.4,179.5,33.64,male,endurance,intermediate,Running + Cycling,50,630.1,4,Obese,Middle-aged,124.0
23,91.7,196.9,23.65,male,muscle_gain,advanced,Strength Training,62,490.4,6,Normal,Young,163.0
20,49.9,167.5,17.79,female,endurance,beginner,Running + Cycling,32,209.6,3,Underweight,Young,70.0
44,102.9,162.2,39.11,female,endurance,beginner,Running + Cycling,25,299.1,4,Obese,Middle-aged,75.4
62,84.7,182.8,25.35,female,endurance,intermediate,Running + Cycling,52,462.5,5,Overweight,Senior,125.0
19,47.9,159.9,18.73,male,muscle_gain,beginner,Strength Training,29,122.1,4,Normal,Young,59.7
27,127.4,165.8,46.34,male,muscle_gain,intermediate,Strength Training,60,646.6,4,Obese,Adult,129.0
60,125.7,161.2,48.37,male,general_fitness,beginner,Mixed Training,32,313.4,3,Obese,Senior,80.3
17,88.6,153.5,37.6,female,weight_loss,beginner,Cardio + HIIT,41,386.9,3,Obese,Young,86.5
42,53.0,191.4,14.47,male,weight_loss,beginner,Cardio + HIIT,37,184.3,4,Underweight,Middle-aged,69.9
46,109.1,162.7,41.21,female,muscle_gain,advanced,Strength Training,63,527.0,5,Obese,Middle-aged,163.5
51,86.8,173.7,28.77,female,flexibility,beginner,Yoga + Stretching,26,101.0,3,Overweight,Middle-aged,56.1
51,70.7,152.2,30.52,male,weight_loss,advanced,Cardio + HIIT,73,461.9,6,Obese,Middle-aged,166.0
41,86.8,185.0,25.36,male,weight_loss,beginner,Cardio + HIIT,44,360.9,4,Overweight,Middle-aged,88.0
58,89.4,166.5,32.25,male,weight_loss,advanced,Cardio + HIIT,71,545.9,5,Obese,Senior,166.0
42,92.8,187.2,26.48,female,endurance,advanced,Running + Cycling,61,665.1,5,Overweight,Middle-aged,162.5
20,82.5,170.6,28.35,female,weight_loss,advanced,Cardio + HIIT,57,493.8,5,Overweight,Young,160.5
35,96.5,159.8,37.79,female,muscle_gain,advanced,Strength Training,73,572.4,6,Obese,Adult,166.0
26,123.1,175.7,39.88,male,muscle_gain,beginner,Strength Training,43,449.9,4,Obese,Adult,87.5
25,75.8,156.5,30.95,male,general_fitness,beginner,Mixed Training,33,235.0,4,Obese,Adult,73.0
55,106.7,172.0,36.07,female,muscle_gain,intermediate,Strength Training,49,381.2,5,Obese,Senior,123.5
53,121.0,165.9,43.96,male,weight_loss,beginner,Cardio + HIIT,38,406.9,4,Obese,Middle-aged,85.0
21,83.8,195.6,21.9,female,muscle_gain,beginner,Strength Training,42,306.5,3,Normal,Young,84.6
23,82.7,153.0,35.33,female,general_fitness,advanced,Mixed Training,69,541.4,5,Obese,Young,166.0
38,96.2,184.7,28.2,male,endurance,intermediate,Running + Cycling,40,461.8,4,Overweight,Adult,119.0
62,95.3,159.1,37.65,male,general_fitness,intermediate,Mixed Training,45,330.2,5,Obese,Senior,121.5
41,113.6,166.0,41.23,male,flexibility,advanced,Yoga + Stretching,69,370.4,6,Obese,Middle-aged,166.0
61,85.5,170.8,29.31,male,weight_loss,intermediate,Cardio + HIIT,45,325.1,4,Overweight,Senior,121.0
58,129.7,195.4,33.97,female,endurance,intermediate,Running + Cycling,57,794.7,4,Obese,Senior,127.5
27,50.1,162.1,19.07,female,weight_loss,advanced,Cardio + HIIT,55,279.7,5,Normal,Adult,154.5
41,45.3,154.6,18.95,female,endurance,beginner,Running + Cycling,27,144.5,4,Normal,Middle-aged,61.0
28,99.4,165.9,36.12,female,weight_loss,beginner,Cardio + HIIT,41,411.6,4,Obese,Adult,86.5
55,70.4,155.2,29.23,male,muscle_gain,advanced,Strength Training,70,359.3,6,Overweight,Senior,166.0
33,65.4,156.4,26.74,male,general_fitness,advanced,Mixed Training,62,366.1,6,Overweight,Adult,163.0
40,71.5,178.7,22.39,female,weight_loss,advanced,Cardio + HIIT,71,482.3,6,Normal,Middle-aged,166.0
48,66.8,153.0,28.54,male,general_fitness,intermediate,Mixed Training,47,261.9,4,Overweight,Middle-aged,115.7
62,47.6,151.5,20.74,female,weight_loss,advanced,Cardio + HIIT,71,283.9,5,Normal,Senior,161.4
55,127.6,185.7,37.0,female,weight_loss,beginner,Cardio + HIIT,33,368.4,4,Obese,Senior,82.5
58,63.8,168.1,22.58,male,general_fitness,beginner,Mixed Training,36,181.1,4,Normal,Senior,69.1
27,107.4,156.3,43.96,male,endurance,intermediate,Running + Cycling,58,790.3,4,Obese,Adult,128.0
59,109.8,162.7,41.48,female,endurance,intermediate,Running + Cycling,43,504.6,5,Obese,Senior,120.5
51,124.0,182.1,37.39,female,weight_loss,beginner,Cardio + HIIT,45,499.4,4,Obese,Middle-aged,88.5
63,47.6,163.8,17.74,male,muscle_gain,beginner,Strength Training,35,115.9,3,Underweight,Senior,62.1
19,119.1,174.7,39.02,female,endurance,beginner,Running + Cycling,28,439.8,4,Obese,Young,80.0
20,89.8,156.1,36.85,female,endurance,intermediate,Running + Cycling,53,624.7,5,Obese,Young,125.5
52,98.8,179.4,30.7,female,muscle_gain,advanced,Strength Training,68,498.3,5,Obese,Middle-aged,166.0
23,99.8,165.8,36.3,male,general_fitness,intermediate,Mixed Training,45,426.1,5,Obese,Young,121.5
57,114.7,181.3,34.9,male,endurance,beginner,Running + Cycling,41,508.5,4,Obese,Senior,86.5
64,73.3,190.4,20.22,female,general_fitness,intermediate,Mixed Training,41,228.7,4,Normal,Senior,109.4
43,107.3,180.6,32.9,female,endurance,intermediate,Running + Cycling,47,589.4,4,Obese,Middle-aged,122.5
46,89.9,164.8,33.1,male,endurance,intermediate,Running + Cycling,43,444.6,5,Obese,Middle-aged,120.5
24,112.4,162.8,42.41,female,weight_loss,beginner,Cardio + HIIT,34,393.6,3,Obese,Young,83.0
44,129.2,166.4,46.66,female,muscle_gain,intermediate,Strength Training,46,460.6,4,Obese,Middle-aged,122.0
29,62.1,158.2,24.81,male,general_fitness,advanced,Mixed Training,58,331.8,6,Normal,Adult,161.0
55,129.5,159.1,51.16,female,weight_loss,beginner,Cardio + HIIT,40,453.2,3,Obese,Senior,86.0
56,52.6,189.5,14.65,female,weight_loss,beginner,Cardio + HIIT,38,173.9,4,Underweight,Senior,69.4
37,45.2,169.2,15.79,male,muscle_gain,intermediate,Strength Training,55,199.9,4,Underweight,Adult,113.5
26,48.8,171.8,16.53,male,weight_loss,intermediate,Cardio + HIIT,48,238.9,4,Underweight,Adult,113.9
38,74.1,179.7,22.95,female,general_fitness,beginner,Mixed Training,28,182.6,4,Normal,Adult,65.3
16,98.8,179.5,30.66,male,general_fitness,beginner,Mixed Training,30,290.7,4,Obese,Young,77.1
61,50.9,153.4,21.63,male,muscle_gain,beginner,Strength Training,25,89.6,4,Normal,Senior,54.5
52,45.5,191.6,12.39,female,weight_loss,advanced,Cardio + HIIT,61,247.0,5,Underweight,Middle-aged,154.2
36,124.7,158.9,49.39,female,endurance,intermediate,Running + Cycling,40,604.8,5,Obese,Adult,119.0
41,114.9,186.2,33.14,female,endurance,intermediate,Running + Cycling,58,787.2,5,Obese,Middle-aged,128.0
61,113.8,188.6,31.99,female,general_fitness,advanced,Mixed Training,62,546.5,5,Obese,Senior,163.0
51,120.2,185.7,34.86,male,endurance,beginner,Running + Cycling,27,363.1,3,Obese,Middle-aged,79.5
38,104.5,178.9,32.65,male,muscle_gain,advanced,Strength Training,55,459.8,5,Obese,Adult,159.5
16,53.9,150.7,23.73,male,muscle_gain,intermediate,Strength Training,40,192.2,5,Normal,Young,105.2
55,78.9,168.0,27.95,male,general_fitness,beginner,Mixed Training,31,196.2,3,Overweight,Senior,68.1
30,106.5,180.2,32.8,female,endurance,advanced,Running + Cycling,75,800.0,5,Obese,Adult,166.0
36,68.8,169.4,23.98,female,endurance,advanced,Running + Cycling,67,558.9,6,Normal,Adult,165.5
62,103.4,193.2,27.7,male,weight_loss,advanced,Cardio + HIIT,55,477.7,5,Overweight,Senior,159.5
24,47.1,165.4,17.22,male,endurance,beginner,Running + Cycling,40,242.6,3,Underweight,Young,77.3
24,71.0,164.7,26.17,male,flexibility,advanced,Yoga + Stretching,68,248.6,6,Overweight,Young,157.9
25,91.7,163.3,34.39,male,muscle_gain,advanced,Strength Training,58,454.3,5,Obese,Adult,161.0
41,98.7,166.6,35.56,male,muscle_gain,beginner,Strength Training,36,279.8,4,Obese,Middle-aged,79.0
56,94.0,177.9,29.7,male,weight_loss,beginner,Cardio + HIIT,36,294.4,4,Overweight,Senior,80.4
50,104.3,185.4,30.34,female,weight_loss,beginner,Cardio + HIIT,41,384.9,4,Obese,Middle-aged,86.5
40,45.5,183.1,13.57,male,weight_loss,advanced,Cardio + HIIT,75,324.2,6,Underweight,Middle-aged,165.4
41,53.6,190.4,14.79,male,weight_loss,intermediate,Cardio + HIIT,54,273.5,5,Underweight,Middle-aged,120.4
26,118.9,194.3,31.49,female,endurance,beginner,Running + Cycling,34,515.4,3,Obese,Adult,83.0
53,102.9,190.8,28.27,male,weight_loss,beginner,Cardio + HIIT,27,245.9,4,Overweight,Middle-aged,71.1
17,54.6,150.9,23.98,female,weight_loss,beginner,Cardio + HIIT,44,255.9,4,Normal,Young,80.6
22,116.6,186.8,33.42,male,general_fitness,intermediate,Mixed Training,59,655.8,5,Obese,Young,128.5
33,65.6,160.4,25.5,male,endurance,intermediate,Running + Cycling,51,411.9,5,Overweight,Adult,124.5
42,85.7,156.6,34.95,male,endurance,advanced,Running + Cycling,55,553.8,5,Obese,Middle-aged,159.5
49,57.3,181.9,17.32,female,muscle_gain,intermediate,Strength Training,40,172.9,4,Underweight,Middle-aged,103.3
42,105.4,166.0,38.25,male,endurance,advanced,Running + Cycling,64,792.6,5,Obese,Middle-aged,164.0
32,101.7,152.9,43.5,female,weight_loss,beginner,Cardio + HIIT,42,422.9,4,Obese,Adult,87.0
58,62.9,156.9,25.55,male,flexibility,beginner,Yoga + Stretching,39,105.5,3,Overweight,Senior,63.0
59,118.4,150.0,52.62,male,weight_loss,intermediate,Cardio + HIIT,41,415.1,4,Obese,Senior,119.5
39,79.1,195.2,20.76,male,endurance,beginner,Running + Cycling,41,387.1,4,Normal,Adult,86.5
40,69.9,151.2,30.58,male,muscle_gain,beginner,Strength Training,32,177.1,4,Obese,Middle-aged,66.7
22,57.9,160.5,22.48,male,endurance,advanced,Running + Cycling,63,474.2,5,Normal,Young,163.5
21,67.6,170.8,23.17,male,muscle_gain,intermediate,Strength Training,60,353.2,4,Normal,Young,129.0
39,46.9,167.8,16.66,male,muscle_gain,beginner,Strength Training,44,164.2,3,Underweight,Adult,71.4
48,94.6,195.6,24.73,male,weight_loss,beginner,Cardio + HIIT,35,301.3,3,Normal,Middle-aged,80.6
64,116.6,152.0,50.47,male,endurance,beginner,Running + Cycling,30,362.9,4,Obese,Senior,81.0
44,91.7,175.6,29.74,male,general_fitness,advanced,Mixed Training,68,531.6,6,Overweight,Middle-aged,166.0
58,63.6,184.0,18.79,male,flexibility,beginner,Yoga + Stretching,25,80.0,4,Normal,Senior,53.5
37,47.9,196.6,12.39,female,weight_loss,beginner,Cardio + HIIT,31,143.3,4,Underweight,Adult,62.8
41,63.2,181.0,19.29,female,muscle_gain,intermediate,Strength Training,48,238.9,5,Normal,Middle-aged,113.9
43,80.4,190.2,22.22,male,general_fitness,beginner,Mixed Training,35,241.2,3,Normal,Middle-aged,74.6
36,109.6,154.2,46.09,male,muscle_gain,beginner,Strength Training,40,354.4,4,Obese,Adult,86.0
64,61.0,169.3,21.28,male,endurance,beginner,Running + Cycling,43,272.1,4,Normal,Senior,81.7
22,106.2,168.7,37.32,female,general_fitness,beginner,Mixed Training,26,263.2,3,Obese,Young,72.3
32,118.7,194.3,31.44,male,general_fitness,beginner,Mixed Training,39,420.1,4,Obese,Adult,85.5
35,83.6,157.6,33.66,female,muscle_gain,beginner,Strength Training,27,183.4,3,Obese,Adult,64.8
56,114.8,157.6,46.22,male,muscle_gain,advanced,Strength Training,58,482.7,6,Obese,Senior,161.0
64,92.1,166.4,33.26,male,muscle_gain,beginner,Strength Training,44,280.3,4,Obese,Senior,83.0
35,99.2,152.7,42.54,male,endurance,advanced,Running + Cycling,61,737.5,6,Obese,Adult,162.5
37,89.7,159.1,35.44,male,weight_loss,advanced,Cardio + HIIT,66,571.3,5,Obese,Adult,165.0
43,84.4,198.3,21.46,female,weight_loss,intermediate,Cardio + HIIT,43,339.3,5,Normal,Middle-aged,120.5
55,64.9,171.4,22.09,male,muscle_gain,beginner,Strength Training,34,160.9,3,Normal,Senior,66.1
64,70.8,181.6,21.47,female,weight_loss,beginner,Cardio + HIIT,30,176.3,4,Normal,Senior,65.6
22,69.6,186.3,20.05,female,endurance,intermediate,Running + Cycling,53,479.5,5,Normal,Young,125.5
16,92.9,168.3,32.8,female,endurance,intermediate,Running + Cycling,42,521.9,4,Obese,Young,120.0
47,55.2,157.4,22.28,male,muscle_gain,intermediate,Strength Training,56,235.7,4,Normal,Middle-aged,117.6
28,122.9,160.3,47.83,male,muscle_gain,beginner,Strength Training,35,362.0,4,Obese,Adult,83.5
45,106.3,165.7,38.72,male,general_fitness,advanced,Mixed Training,64,576.9,5,Obese,Middle-aged,164.0
38,79.1,181.8,23.93,male,weight_loss,beginner,Cardio + HIIT,45,341.7,4,Normal,Adult,88.5
34,58.5,169.9,20.27,female,flexibility,beginner,Yoga + Stretching,34,97.5,4,Normal,Adult,59.8
47,120.0,150.3,53.12,male,general_fitness,intermediate,Mixed Training,49,493.2,4,Obese,Middle-aged,123.5
45,115.0,176.2,37.04,female,muscle_gain,beginner,Strength Training,27,239.3,3,Obese,Middle-aged,70.4
44,106.3,196.1,27.64,male,endurance,intermediate,Running + Cycling,54,667.3,4,Overweight,Middle-aged,126.0
64,68.1,190.6,18.75,female,general_fitness,advanced,Mixed Training,71,367.9,6,Normal,Senior,166.0
60,79.2,191.3,21.64,male,weight_loss,advanced,Cardio + HIIT,72,484.7,5,Normal,Senior,166.0
44,53.7,189.8,14.91,male,muscle_gain,advanced,Strength Training,73,303.8,6,Underweight,Middle-aged,163.4
45,61.1,166.2,22.12,female,muscle_gain,intermediate,Strength Training,58,273.2,4,Normal,Middle-aged,122.3
31,111.6,188.3,31.47,male,weight_loss,intermediate,Cardio + HIIT,51,566.3,4,Obese,Adult,124.5
55,105.8,157.2,42.81,female,flexibility,beginner,Yoga + Stretching,29,134.2,3,Obese,Senior,60.9
34,95.4,182.9,28.52,male,general_fitness,intermediate,Mixed Training,55,471.4,4,Overweight,Adult,126.5
33,121.1,182.1,36.52,male,flexibility,beginner,Yoga + Stretching,39,232.6,3,Obese,Adult,75.8
16,94.6,151.3,41.33,female,weight_loss,beginner,Cardio + HIIT,39,394.8,4,Obese,Young,85.5
29,84.7,189.4,23.61,female,weight_loss,beginner,Cardio + HIIT,30,255.4,3,Normal,Adult,73.5
62,73.9,195.2,19.39,male,endurance,intermediate,Running + Cycling,51,395.7,4,Normal,Senior,124.5
17,124.9,163.4,46.78,female,weight_loss,intermediate,Cardio + HIIT,41,545.4,5,Obese,Young,119.5
43,52.0,190.6,14.31,female,endurance,advanced,Running + Cycling,74,449.7,6,Underweight,Middle-aged,166.0
64,124.1,154.1,52.26,female,muscle_gain,beginner,Strength Training,33,283.3,4,Obese,Senior,77.8
45,115.3,180.0,35.59,male,endurance,advanced,Running + Cycling,58,773.2,6,Obese,Middle-aged,161.0
53,56.0,174.3,18.43,male,endurance,advanced,Running + Cycling,59,365.5,5,Underweight,Middle-aged,161.5
19,93.0,177.3,29.58,female,muscle_gain,intermediate,Strength Training,60,490.6,4,Overweight,Young,129.0
16,118.7,196.3,30.8,female,weight_loss,intermediate,Cardio + HIIT,47,596.9,5,Obese,Young,122.5
23,93.6,193.6,24.97,male,muscle_gain,beginner,Strength Training,34,274.5,3,Normal,Young,77.4
44,122.1,189.3,34.07,male,muscle_gain,advanced,Strength Training,61,577.2,6,Obese,Middle-aged,162.5
54,125.2,163.7,46.72,male,endurance,intermediate,Running + Cycling,53,729.9,5,Obese,Middle-aged,125.5
18,80.9,195.6,21.15,female,flexibility,advanced,Yoga + Stretching,59,253.0,5,Normal,Young,153.8
47,77.1,154.9,32.13,male,flexibility,intermediate,Yoga + Stretching,55,194.0,4,Obese,Middle-aged,112.9
25,124.6,192.7,33.55,male,general_fitness,advanced,Mixed Training,69,800.0,6,Obese,Adult,166.0
25,102.4,166.4,36.98,male,weight_loss,advanced,Cardio + HIIT,59,619.3,5,Obese,Adult,161.5
34,54.9,152.7,23.54,female,weight_loss,beginner,Cardio + HIIT,27,145.3,4,Normal,Adult,61.0
61,48.6,183.5,14.43,male,muscle_gain,beginner,Strength Training,34,116.4,4,Underweight,Senior,61.6
49,93.0,161.6,35.61,male,endurance,intermediate,Running + Cycling,44,462.9,5,Obese,Middle-aged,121.0
48,124.1,162.2,47.17,female,muscle_gain,intermediate,Strength Training,54,508.2,5,Obese,Middle-aged,126.0
38,116.8,165.3,42.75,female,flexibility,beginner,Yoga + Stretching,42,235.5,3,Obese,Adult,77.6
43,102.4,153.2,43.63,male,muscle_gain,advanced,Strength Training,62,494.7,6,Obese,Middle-aged,163.0
47,56.8,158.9,22.5,male,general_fitness,intermediate,Mixed Training,60,285.8,5,Normal,Middle-aged,124.6
22,66.6,150.3,29.48,female,general_fitness,advanced,Mixed Training,56,355.6,6,Overweight,Young,160.0
44,119.4,172.3,40.22,female,weight_loss,advanced,Cardio + HIIT,62,688.5,5,Obese,Middle-aged,163.0
23,60.5,154.2,25.44,female,muscle_gain,intermediate,Strength Training,47,245.3,5,Overweight,Young,114.0
16,68.7,184.1,20.27,female,endurance,advanced,Running + Cycling,58,532.9,6,Normal,Young,161.0
18,56.0,161.8,21.39,female,weight_loss,intermediate,Cardio + HIIT,58,344.3,4,Normal,Young,128.0
39,102.5,197.2,26.36,female,muscle_gain,advanced,Strength Training,72,587.3,6,Overweight,Adult,166.0
38,125.2,193.6,33.4,male,endurance,beginner,Running + Cycling,45,676.1,4,Obese,Adult,88.5
23,67.9,164.5,25.09,male,weight_loss,beginner,Cardio + HIIT,25,175.7,4,Overweight,Young,63.1
62,85.4,189.2,23.86,male,endurance,intermediate,Running + Cycling,59,529.1,5,Normal,Senior,128.5
52,98.9,190.2,27.34,male,endurance,intermediate,Running + Cycling,54,594.1,4,Overweight,Middle-aged,126.0
18,130.0,199.3,32.73,male,weight_loss,intermediate,Cardio + HIIT,57,785.5,4,Obese,Young,127.5
48,53.9,179.9,16.65,male,muscle_gain,intermediate,Strength Training,51,208.5,4,Underweight,Middle-aged,112.4
43,87.4,154.1,36.8,female,weight_loss,beginner,Cardio + HIIT,25,204.3,4,Obese,Middle-aged,65.9
62,77.7,182.3,23.38,male,endurance,advanced,Running + Cycling,61,497.7,5,Normal,Senior,162.5
23,118.6,181.2,36.12,male,weight_loss,intermediate,Cardio + HIIT,58,712.0,4,Obese,Young,128.0
49,85.5,181.9,25.84,female,general_fitness,intermediate,Mixed Training,40,283.7,5,Overweight,Middle-aged,114.4
50,54.4,165.4,19.89,male,muscle_gain,intermediate,Strength Training,46,187.7,4,Normal,Middle-aged,107.8
47,98.9,193.0,26.55,male,weight_loss,advanced,Cardio + HIIT,56,506.8,5,Overweight,Middle-aged,160.0
39,110.5,198.0,28.19,male,muscle_gain,advanced,Strength Training,61,536.4,5,Overweight,Adult,162.5
29,45.2,160.9,17.46,female,muscle_gain,intermediate,Strength Training,58,219.6,5,Underweight,Adult,117.0
47,118.0,154.4,49.5,male,muscle_gain,beginner,Strength Training,37,332.9,4,Obese,Middle-aged,84.5
61,60.8,159.7,23.84,female,endurance,intermediate,Running + Cycling,44,282.6,4,Normal,Senior,116.3
58,91.9,191.0,25.19,male,muscle_gain,intermediate,Strength Training,58,382.0,4,Overweight,Senior,128.0
31,80.3,183.8,23.77,male,weight_loss,advanced,Cardio + HIIT,55,439.4,6,Normal,Adult,159.5
19,106.2,181.8,32.13,male,weight_loss,beginner,Cardio + HIIT,25,280.1,4,Obese,Young,73.5
52,76.5,170.1,26.44,female,endurance,advanced,Running + Cycling,72,612.8,6,Overweight,Middle-aged,166.0
36,118.9,178.9,37.15,female,endurance,intermediate,Running + Cycling,40,576.7,5,Obese,Adult,119.0
29,107.1,165.4,39.15,female,muscle_gain,advanced,Strength Training,59,529.2,5,Obese,Adult,161.5
46,100.1,173.9,33.1,female,flexibility,beginner,Yoga + Stretching,33,152.0,4,Obese,Middle-aged,64.7
63,112.7,189.7,31.32,male,muscle_gain,advanced,Strength Training,66,517.6,5,Obese,Senior,165.0
33,109.1,199.1,27.52,female,flexibility,advanced,Yoga + Stretching,63,338.5,6,Overweight,Adult,163.5
22,48.1,196.6,12.44,male,muscle_gain,advanced,Strength Training,72,300.1,6,Underweight,Young,163.0
25,78.6,196.7,20.31,female,weight_loss,beginner,Cardio + HIIT,35,282.0,4,Normal,Adult,78.7
22,124.1,170.1,42.89,male,general_fitness,beginner,Mixed Training,25,295.8,4,Obese,Young,75.1
48,55.7,173.4,18.52,male,muscle_gain,intermediate,Strength Training,58,245.0,4,Normal,Middle-aged,119.5
38,107.7,185.3,31.37,male,flexibility,beginner,Yoga + Stretching,34,175.8,3,Obese,Adult,67.6
36,127.8,196.1,33.23,male,weight_loss,beginner,Cardio + HIIT,26,322.3,3,Obese,Adult,78.2
34,49.4,157.1,20.02,male,endurance,beginner,Running + Cycling,31,187.6,4,Normal,Adult,67.3
63,103.0,165.2,37.74,female,general_fitness,intermediate,Mixed Training,59,465.1,4,Obese,Senior,128.5
34,84.8,157.0,34.4,male,weight_loss,intermediate,Cardio + HIIT,41,340.7,5,Obese,Adult,119.5
51,94.2,180.6,28.88,male,flexibility,beginner,Yoga + Stretching,43,181.3,4,Overweight,Middle-aged,72.6
44,52.3,165.3,19.14,female,endurance,beginner,Running + Cycling,30,182.4,3,Normal,Middle-aged,66.2
33,48.7,166.3,17.61,male,endurance,intermediate,Running + Cycling,49,293.8,5,Underweight,Adult,119.9
17,101.7,153.5,43.16,female,muscle_gain,intermediate,Strength Training,48,433.2,5,Obese,Young,123.0
16,115.0,167.5,40.99,female,general_fitness,beginner,Mixed Training,32,360.9,3,Obese,Young,82.0
62,111.5,193.1,29.9,female,weight_loss,beginner,Cardio + HIIT,35,327.8,4,Overweight,Senior,83.3
20,91.2,161.7,34.88,female,weight_loss,advanced,Cardio + HIIT,63,603.3,6,Obese,Young,163.5
35,53.5,184.8,15.67,male,general_fitness,advanced,Mixed Training,74,353.8,5,Underweight,Adult,166.0
26,103.5,181.5,31.42,male,flexibility,advanced,Yoga + Stretching,74,390.6,5,Obese,Adult,166.0
57,65.6,193.2,17.57,male,weight_loss,advanced,Cardio + HIIT,63,357.5,6,Underweight,Senior,163.5
17,122.4,156.6,49.91,female,muscle_gain,beginner,Strength Training,32,347.6,3,Obese,Young,82.0
18,116.3,198.9,29.4,male,muscle_gain,intermediate,Strength Training,54,554.8,5,Overweight,Young,126.0
38,105.3,179.1,32.83,male,muscle_gain,intermediate,Strength Training,41,345.4,4,Obese,Adult,119.5
27,125.7,199.8,31.49,male,weight_loss,intermediate,Cardio + HIIT,40,510.3,5,Obese,Adult,119.0
35,47.7,195.6,12.47,female,endurance,beginner,Running + Cycling,33,191.8,3,Underweight,Adult,68.7
20,107.6,161.1,41.46,male,weight_loss,intermediate,Cardio + HIIT,48,542.3,4,Obese,Young,123.0
52,73.1,152.8,31.31,female,flexibility,intermediate,Yoga + Stretching,52,169.2,5,Obese,Middle-aged,108.9
53,122.0,162.8,46.03,male,flexibility,beginner,Yoga + Stretching,32,172.8,3,Obese,Middle-aged,66.3
45,67.7,176.4,21.76,male,muscle_gain,advanced,Strength Training,75,391.4,5,Normal,Middle-aged,166.0
24,106.6,158.6,42.38,male,weight_loss,beginner,Cardio + HIIT,29,318.4,4,Obese,Young,79.3
49,119.6,158.4,47.67,female,weight_loss,beginner,Cardio + HIIT,27,292.2,3,Obese,Middle-aged,75.7
59,48.5,173.1,16.19,female,muscle_gain,beginner,Strength Training,45,155.5,3,Underweight,Senior,71.0
50,78.8,151.7,34.24,male,endurance,beginner,Running + Cycling,28,248.2,3,Obese,Middle-aged,71.8
37,109.8,156.1,45.06,male,muscle_gain,beginner,Strength Training,41,362.0,4,Obese,Adult,86.5
59,83.7,170.8,28.69,female,endurance,advanced,Running + Cycling,70,626.2,5,Overweight,Senior,166.0
39,67.7,153.2,28.85,male,muscle_gain,intermediate,Strength Training,55,296.3,5,Overweight,Adult,123.1
32,63.7,169.8,22.09,male,muscle_gain,intermediate,Strength Training,59,310.1,5,Normal,Adult,126.5
25,56.2,173.7,18.63,male,weight_loss,beginner,Cardio + HIIT,27,155.5,3,Normal,Adult,62.0
45,117.9,172.6,39.58,male,weight_loss,intermediate,Cardio + HIIT,45,490.8,5,Obese,Middle-aged,121.5
61,93.9,193.5,25.08,male,weight_loss,advanced,Cardio + HIIT,55,436.4,6,Overweight,Senior,159.5
38,51.5,176.5,16.53,male,muscle_gain,intermediate,Strength Training,60,247.2,5,Underweight,Adult,120.7
47,77.5,173.4,25.78,male,general_fitness,intermediate,Mixed Training,55,357.5,5,Overweight,Middle-aged,126.5
32,76.3,170.5,26.25,female,flexibility,advanced,Yoga + Stretching,69,260.6,5,Overweight,Adult,159.1
32,60.4,190.9,16.57,male,weight_loss,advanced,Cardio + HIIT,61,364.8,5,Underweight,Adult,162.5
29,82.0,194.8,21.61,female,weight_loss,intermediate,Cardio + HIIT,41,337.9,4,Normal,Adult,119.5
24,73.2,192.7,19.71,male,weight_loss,beginner,Cardio + HIIT,34,256.3,4,Normal,Young,75.6
55,74.1,183.7,21.96,female,muscle_gain,intermediate,Strength Training,54,291.8,5,Normal,Senior,122.2
17,107.8,156.9,43.79,male,muscle_gain,intermediate,Strength Training,45,430.5,4,Obese,Young,121.5
60,64.0,163.8,23.85,female,muscle_gain,intermediate,Strength Training,41,185.9,5,Normal,Senior,105.1
40,99.6,152.3,42.94,male,weight_loss,advanced,Cardio + HIIT,71,671.8,5,Obese,Middle-aged,166.0
54,93.5,196.5,24.22,female,weight_loss,intermediate,Cardio + HIIT,40,329.1,5,Normal,Middle-aged,118.9
24,93.3,183.0,27.86,male,weight_loss,advanced,Cardio + HIIT,55,528.5,5,Overweight,Young,159.5
37,101.4,187.3,28.9,male,weight_loss,beginner,Cardio + HIIT,28,274.0,3,Overweight,Adult,74.4
58,91.6,165.6,33.4,female,endurance,beginner,Running + Cycling,44,433.3,3,Obese,Senior,88.0
61,119.7,192.3,32.37,female,weight_loss,beginner,Cardio + HIIT,40,404.6,4,Obese,Senior,86.0
19,102.4,163.0,38.54,male,muscle_gain,advanced,Strength Training,62,558.2,5,Obese,Young,163.0
41,91.5,150.1,40.61,female,endurance,advanced,Running + Cycling,55,594.5,6,Obese,Middle-aged,159.5
44,115.5,168.8,40.54,male,general_fitness,intermediate,Mixed Training,58,571.1,5,Obese,Middle-aged,128.0
60,96.5,178.5,30.29,male,general_fitness,intermediate,Mixed Training,50,375.9,4,Obese,Senior,124.0
49,69.7,173.9,23.05,female,endurance,intermediate,Running + Cycling,56,441.5,4,Normal,Middle-aged,127.0
38,62.6,193.1,16.79,male,weight_loss,advanced,Cardio + HIIT,64,384.6,6,Underweight,Adult,164.0
52,57.9,155.3,24.01,female,endurance,advanced,Running + Cycling,66,425.1,6,Normal,Middle-aged,165.0
26,121.5,177.7,38.48,male,flexibility,intermediate,Yoga + Stretching,48,297.4,4,Obese,Adult,119.7
21,105.4,175.6,34.18,female,weight_loss,intermediate,Cardio + HIIT,46,506.7,4,Obese,Young,122.0
33,124.7,164.1,46.31,male,muscle_gain,beginner,Strength Training,36,368.5,4,Obese,Adult,84.0
36,96.3,191.1,26.37,female,general_fitness,intermediate,Mixed Training,54,462.4,4,Overweight,Adult,126.0
57,85.2,187.6,24.21,female,muscle_gain,intermediate,Strength Training,47,288.7,4,Normal,Senior,118.4
51,50.1,186.6,14.39,male,weight_loss,beginner,Cardio + HIIT,41,183.8,3,Underweight,Middle-aged,71.9
56,102.1,193.8,27.18,female,weight_loss,advanced,Cardio + HIIT,59,524.1,5,Overweight,Senior,161.5
53,94.5,186.1,27.29,male,muscle_gain,intermediate,Strength Training,53,369.4,5,Overweight,Middle-aged,125.5
49,129.2,161.6,49.47,female,weight_loss,advanced,Cardio + HIIT,56,654.8,6,Obese,Middle-aged,160.0
32,65.3,185.3,19.02,female,endurance,beginner,Running + Cycling,40,323.2,3,Normal,Adult,85.3
52,90.1,165.4,32.93,male,endurance,intermediate,Running + Cycling,56,561.3,4,Obese,Middle-aged,127.0
40,100.3,162.1,38.17,female,weight_loss,intermediate,Cardio + HIIT,42,400.2,5,Obese,Middle-aged,120.0
53,99.8,153.7,42.25,male,general_fitness,beginner,Mixed Training,25,202.4,4,Obese,Middle-aged,65.7
27,92.7,187.2,26.45,male,muscle_gain,intermediate,Strength Training,57,446.9,5,Overweight,Adult,127.5
38,111.0,185.6,32.22,male,weight_loss,beginner,Cardio + HIIT,42,447.6,4,Obese,Adult,87.0
57,62.4,161.7,23.87,female,flexibility,beginner,Yoga + Stretching,28,80.0,4,Normal,Senior,55.0
37,106.7,187.5,30.35,male,flexibility,beginner,Yoga + Stretching,39,200.8,3,Obese,Adult,72.6
36,97.7,195.9,25.46,female,endurance,beginner,Running + Cycling,43,509.4,3,Overweight,Adult,87.5
42,121.2,155.4,50.19,male,general_fitness,intermediate,Mixed Training,58,605.7,5,Obese,Middle-aged,128.0
46,117.0,161.6,44.8,female,endurance,beginner,Running + Cycling,34,457.5,4,Obese,Middle-aged,83.0
21,71.8,187.5,20.42,male,general_fitness,intermediate,Mixed Training,44,302.6,4,Normal,Young,118.3
42,68.5,163.7,25.56,female,muscle_gain,advanced,Strength Training,73,391.7,6,Overweight,Middle-aged,166.0
55,128.4,181.2,39.11,male,endurance,intermediate,Running + Cycling,50,702.2,5,Obese,Senior,124.0
49,89.8,154.1,37.82,male,general_fitness,advanced,Mixed Training,61,454.4,5,Obese,Middle-aged,162.5
27,122.0,172.6,40.95,male,endurance,intermediate,Running + Cycling,44,681.1,4,Obese,Adult,121.0
60,58.9,187.0,16.84,female,weight_loss,intermediate,Cardio + HIIT,59,295.4,4,Underweight,Senior,125.0
22,99.6,184.3,29.32,male,muscle_gain,beginner,Strength Training,36,310.8,3,Overweight,Young,82.1
25,113.8,190.8,31.26,female,endurance,advanced,Running + Cycling,73,800.0,6,Obese,Adult,166.0
60,125.5,193.9,33.38,male,weight_loss,advanced,Cardio + HIIT,69,736.1,5,Obese,Senior,166.0
32,73.7,188.7,20.7,female,general_fitness,beginner,Mixed Training,36,240.8,4,Normal,Adult,75.1
41,106.6,183.6,31.62,male,weight_loss,beginner,Cardio + HIIT,28,282.1,4,Obese,Middle-aged,75.2
36,90.8,151.6,39.51,male,weight_loss,beginner,Cardio + HIIT,36,317.1,4,Obese,Adult,82.7
43,50.2,176.7,16.08,male,general_fitness,intermediate,Mixed Training,57,245.2,5,Underweight,Middle-aged,119.0
61,103.6,151.9,44.9,male,muscle_gain,intermediate,Strength Training,56,408.5,4,Obese,Senior,127.0
17,103.7,190.4,28.61,male,weight_loss,intermediate,Cardio + HIIT,58,640.6,5,Overweight,Young,128.0
58,124.1,166.0,45.04,female,endurance,beginner,Running + Cycling,40,533.6,4,Obese,Senior,86.0
16,87.3,178.1,27.52,female,endurance,advanced,Running + Cycling,65,759.0,6,Overweight,Young,164.5
51,64.6,164.0,24.02,female,weight_loss,beginner,Cardio + HIIT,26,150.3,3,Normal,Middle-aged,61.0
41,48.8,189.1,13.65,male,general_fitness,beginner,Mixed Training,40,169.1,3,Underweight,Middle-aged,69.9
44,80.3,194.3,21.27,male,muscle_gain,intermediate,Strength Training,40,248.9,4,Normal,Middle-aged,110.9
36,70.7,169.9,24.49,female,endurance,beginner,Running + Cycling,41,351.5,3,Normal,Adult,86.5
26,109.7,193.1,29.42,male,muscle_gain,beginner,Strength Training,42,391.6,3,Overweight,Adult,87.0
55,75.1,163.4,28.13,female,endurance,beginner,Running + Cycling,37,303.9,4,Overweight,Senior,81.9
26,125.7,176.7,40.26,male,weight_loss,intermediate,Cardio + HIIT,44,564.1,4,Obese,Adult,121.0
51,126.8,192.9,34.08,female,weight_loss,advanced,Cardio + HIIT,60,680.9,6,Obese,Middle-aged,162.0
64,97.8,166.3,35.36,male,muscle_gain,advanced,Strength Training,55,372.0,5,Obese,Senior,159.5
54,123.9,197.7,31.7,female,flexibility,intermediate,Yoga + Stretching,49,267.1,5,Obese,Middle-aged,117.2
55,109.7,156.1,45.02,male,weight_loss,beginner,Cardio + HIIT,29,278.4,3,Obese,Senior,75.3
50,91.5,150.9,40.18,female,endurance,intermediate,Running + Cycling,40,411.8,5,Obese,Middle-aged,119.0
49,60.3,195.2,15.83,male,flexibility,intermediate,Yoga + Stretching,50,136.4,4,Underweight,Middle-aged,104.6
62,84.0,153.4,35.7,female,weight_loss,beginner,Cardio + HIIT,31,218.7,4,Obese,Senior,70.4
39,92.7,199.6,23.27,female,weight_loss,beginner,Cardio + HIIT,42,371.8,4,Normal,Adult,87.0
37,118.4,197.6,30.32,male,muscle_gain,beginner,Strength Training,45,428.5,4,Obese,Adult,88.5
20,85.9,156.9,34.89,male,endurance,advanced,Running + Cycling,74,800.0,6,Obese,Young,166.0
48,121.3,176.9,38.76,male,weight_loss,beginner,Cardio + HIIT,45,496.7,4,Obese,Middle-aged,88.5
51,102.3,159.2,40.36,male,muscle_gain,advanced,Strength Training,64,488.3,6,Obese,Middle-aged,164.0
62,56.6,171.4,19.27,male,endurance,beginner,Running + Cycling,39,231.8,3,Normal,Senior,75.7
35,129.6,153.1,55.29,male,endurance,beginner,Running + Cycling,28,442.3,3,Obese,Adult,80.0
34,89.8,161.2,34.56,male,weight_loss,intermediate,Cardio + HIIT,55,484.0,5,Obese,Adult,126.5
50,78.3,168.2,27.68,female,muscle_gain,intermediate,Strength Training,54,317.1,5,Overweight,Middle-aged,124.7
58,101.0,171.9,34.18,female,flexibility,beginner,Yoga + Stretching,39,169.4,4,Obese,Senior,69.4
32,54.3,198.9,13.73,male,general_fitness,beginner,Mixed Training,36,177.4,4,Underweight,Adult,68.7
60,99.1,190.4,27.34,female,general_fitness,beginner,Mixed Training,32,247.1,4,Overweight,Senior,73.7
58,87.4,186.9,25.02,female,endurance,beginner,Running + Cycling,32,300.7,4,Overweight,Senior,79.1
49,79.6,176.9,25.44,male,muscle_gain,beginner,Strength Training,42,252.1,4,Overweight,Middle-aged,79.2
24,126.0,192.0,34.18,male,muscle_gain,advanced,Strength Training,60,648.9,5,Obese,Young,162.0
41,89.4,167.0,32.06,male,weight_loss,intermediate,Cardio + HIIT,44,371.7,5,Obese,Middle-aged,121.0
17,63.6,185.4,18.5,female,weight_loss,intermediate,Cardio + HIIT,41,277.7,5,Normal,Young,114.3
24,84.0,199.7,21.06,female,endurance,beginner,Running + Cycling,36,389.3,3,Normal,Young,84.0
24,123.1,165.7,44.83,male,weight_loss,beginner,Cardio + HIIT,28,355.0,3,Obese,Young,80.0
55,60.0,183.7,17.78,female,weight_loss,beginner,Cardio + HIIT,37,194.2,4,Underweight,Senior,70.9
32,63.2,192.2,17.11,male,general_fitness,intermediate,Mixed Training,56,321.2,4,Underweight,Adult,126.1
16,46.1,195.8,12.02,male,weight_loss,intermediate,Cardio + HIIT,55,271.3,4,Underweight,Young,120.6
40,46.2,185.9,13.37,female,weight_loss,beginner,Cardio + HIIT,33,144.8,3,Underweight,Middle-aged,64.0
58,115.5,164.2,42.84,female,weight_loss,advanced,Cardio + HIIT,55,546.3,6,Obese,Senior,159.5
55,107.2,166.3,38.76,male,endurance,intermediate,Running + Cycling,54,633.2,5,Obese,Senior,126.0
57,75.2,151.0,32.98,male,endurance,beginner,Running + Cycling,36,292.7,3,Obese,Senior,80.3
40,104.4,188.0,29.54,female,muscle_gain,beginner,Strength Training,29,239.7,4,Overweight,Middle-aged,71.5
54,78.6,152.1,33.98,female,muscle_gain,intermediate,Strength Training,57,328.5,5,Obese,Middle-aged,127.4
50,126.0,193.2,33.76,female,flexibility,advanced,Yoga + Stretching,74,419.6,6,Obese,Middle-aged,166.0
18,127.2,155.9,52.34,male,flexibility,beginner,Yoga + Stretching,26,175.3,3,Obese,Young,63.5
52,78.4,158.6,31.17,male,general_fitness,beginner,Mixed Training,28,179.1,3,Obese,Middle-aged,64.9
59,117.6,173.8,38.93,male,flexibility,intermediate,Yoga + Stretching,54,271.5,4,Obese,Senior,120.2
59,110.7,186.9,31.69,male,endurance,beginner,Running + Cycling,30,354.9,3,Obese,Senior,81.0
45,71.3,157.0,28.93,female,weight_loss,intermediate,Cardio + HIIT,51,336.4,5,Overweight,Middle-aged,124.5
53,64.7,172.0,21.87,male,weight_loss,intermediate,Cardio + HIIT,57,326.4,5,Normal,Middle-aged,127.1
49,83.9,174.1,27.68,male,weight_loss,beginner,Cardio + HIIT,44,334.1,4,Overweight,Middle-aged,88.0
27,111.4,160.6,43.19,male,endurance,beginner,Running + Cycling,28,395.7,3,Obese,Adult,80.0
34,126.6,155.8,52.16,male,flexibility,intermediate,Yoga + Stretching,40,248.1,4,Obese,Adult,110.8
52,109.9,191.8,29.87,female,muscle_gain,beginner,Strength Training,39,317.9,4,Overweight,Middle-aged,84.3
59,117.7,175.1,38.39,female,weight_loss,beginner,Cardio + HIIT,42,422.7,3,Obese,Senior,87.0
64,96.3,150.7,42.4,male,muscle_gain,advanced,Strength Training,68,452.9,5,Obese,Senior,166.0
32,116.0,190.1,32.1,female,general_fitness,beginner,Mixed Training,27,284.2,4,Obese,Adult,74.9
25,111.7,199.0,28.21,female,endurance,intermediate,Running + Cycling,54,772.8,4,Overweight,Adult,126.0
64,77.0,180.3,23.69,female,flexibility,beginner,Yoga + Stretching,29,92.7,3,Normal,Senior,56.8
62,91.9,175.2,29.94,male,flexibility,intermediate,Yoga + Stretching,42,162.1,5,Overweight,Senior,103.2
27,113.4,193.9,30.16,male,general_fitness,beginner,Mixed Training,31,327.1,3,Obese,Adult,81.2
31,48.9,197.6,12.52,male,flexibility,advanced,Yoga + Stretching,60,146.0,6,Underweight,Adult,143.6
39,113.7,187.7,32.27,female,endurance,intermediate,Running + Cycling,40,542.9,5,Obese,Adult,119.0
34,60.1,172.3,20.24,female,weight_loss,beginner,Cardio + HIIT,43,253.3,3,Normal,Adult,79.8
23,88.7,179.6,27.5,male,weight_loss,intermediate,Cardio + HIIT,46,422.3,5,Overweight,Young,122.0
46,113.7,185.0,33.22,male,muscle_gain,beginner,Strength Training,28,244.1,3,Obese,Middle-aged,71.4
36,66.6,159.7,26.11,male,weight_loss,intermediate,Cardio + HIIT,51,329.5,4,Overweight,Adult,124.4
32,65.9,172.4,22.17,male,general_fitness,advanced,Mixed Training,74,442.6,5,Normal,Adult,166.0
38,79.2,191.5,21.6,female,weight_loss,intermediate,Cardio + HIIT,57,433.4,4,Normal,Adult,127.5
52,121.0,182.7,36.25,male,general_fitness,beginner,Mixed Training,33,325.8,3,Obese,Middle-aged,82.1
31,45.0,170.6,15.46,male,muscle_gain,intermediate,Strength Training,58,216.4,4,Underweight,Adult,116.6
21,121.6,183.2,36.23,female,muscle_gain,beginner,Strength Training,28,296.5,3,Obese,Young,76.6
23,58.1,155.9,23.9,male,general_fitness,advanced,Mixed Training,55,303.2,5,Normal,Young,156.8
40,129.2,170.1,44.65,female,muscle_gain,intermediate,Strength Training,48,491.0,4,Obese,Middle-aged,123.0
33,126.2,189.7,35.07,male,muscle_gain,beginner,Strength Training,39,404.0,4,Obese,Adult,85.5
40,87.0,161.0,33.56,female,weight_loss,beginner,Cardio + HIIT,32,264.5,4,Obese,Middle-aged,75.4
27,88.6,159.3,34.91,male,endurance,advanced,Running + Cycling,69,775.6,5,Obese,Adult,166.0
30,85.9,197.5,22.02,female,weight_loss,advanced,Cardio + HIIT,69,592.7,5,Normal,Adult,166.0
41,99.0,160.5,38.43,male,endurance,beginner,Running + Cycling,42,491.2,3,Obese,Middle-aged,87.0
56,52.7,163.0,19.84,male,endurance,beginner,Running + Cycling,31,177.7,4,Normal,Senior,66.3
60,47.8,198.5,12.13,female,endurance,intermediate,Running + Cycling,57,289.5,5,Underweight,Senior,123.4
41,49.9,186.7,14.32,male,endurance,beginner,Running + Cycling,40,235.8,3,Underweight,Middle-aged,76.6
62,82.8,185.0,24.19,female,muscle_gain,beginner,Strength Training,26,150.7,3,Normal,Senior,61.1
47,68.4,192.6,18.44,male,muscle_gain,beginner,Strength Training,28,146.0,3,Underweight,Middle-aged,61.6
25,97.9,155.8,40.33,male,flexibility,beginner,Yoga + Stretching,44,220.8,4,Obese,Adult,77.1
31,129.4,185.3,37.69,female,muscle_gain,intermediate,Strength Training,55,590.1,4,Obese,Adult,126.5
22,77.8,175.2,25.35,female,muscle_gain,advanced,Strength Training,57,384.3,6,Overweight,Young,160.5
32,93.8,191.5,25.58,female,muscle_gain,intermediate,Strength Training,41,317.3,5,Overweight,Adult,118.2
38,80.3,175.4,26.1,female,general_fitness,beginner,Mixed Training,27,190.8,3,Overweight,Adult,65.6
41,117.0,181.0,35.71,male,muscle_gain,intermediate,Strength Training,44,405.4,5,Obese,Middle-aged,121.0
36,121.7,173.9,40.24,female,muscle_gain,intermediate,Strength Training,41,403.3,4,Obese,Adult,119.5
37,119.6,173.9,39.55,male,endurance,beginner,Running + Cycling,43,620.4,4,Obese,Adult,87.5
22,127.8,188.4,36.01,male,endurance,advanced,Running + Cycling,74,800.0,6,Obese,Young,166.0
29,47.3,181.4,14.37,male,weight_loss,intermediate,Cardio + HIIT,41,194.9,4,Underweight,Adult,106.0
30,116.4,181.7,35.26,male,muscle_gain,advanced,Strength Training,56,543.2,5,Obese,Adult,160.0
22,108.9,172.5,36.6,female,endurance,intermediate,Running + Cycling,59,800.0,5,Obese,Young,128.5
24,64.4,176.6,20.65,male,general_fitness,intermediate,Mixed Training,57,346.6,5,Normal,Young,127.5
63,126.3,187.3,36.0,female,endurance,beginner,Running + Cycling,44,580.0,4,Obese,Senior,88.0
23,57.6,191.3,15.74,male,muscle_gain,intermediate,Strength Training,60,298.1,4,Underweight,Young,125.8
38,102.8,184.8,30.1,male,weight_loss,beginner,Cardio + HIIT,38,375.0,3,Obese,Adult,85.0
44,64.1,196.2,16.65,male,general_fitness,advanced,Mixed Training,69,377.1,5,Underweight,Middle-aged,166.0
33,81.7,191.0,22.4,female,flexibility,advanced,Yoga + Stretching,66,265.6,5,Normal,Adult,158.6
46,106.1,178.1,33.45,male,weight_loss,advanced,Cardio + HIIT,65,634.5,6,Obese,Middle-aged,164.5
45,92.9,183.6,27.56,female,weight_loss,intermediate,Cardio + HIIT,50,429.7,5,Overweight,Middle-aged,124.0
54,81.3,196.3,21.1,male,endurance,advanced,Running + Cycling,61,545.5,6,Normal,Middle-aged,162.5
50,72.7,181.0,22.19,male,muscle_gain,beginner,Strength Training,36,196.3,4,Normal,Middle-aged,70.6
33,116.4,191.2,31.84,female,muscle_gain,intermediate,Strength Training,55,525.5,5,Obese,Adult,126.5
57,57.2,184.4,16.82,female,weight_loss,intermediate,Cardio + HIIT,44,217.7,4,Underweight,Senior,109.8
54,81.6,177.6,25.87,male,weight_loss,intermediate,Cardio + HIIT,41,294.4,4,Overweight,Middle-aged,115.9
32,121.8,162.1,46.35,female,muscle_gain,intermediate,Strength Training,55,552.7,5,Obese,Adult,126.5
29,116.9,171.3,39.84,female,endurance,beginner,Running + Cycling,39,572.7,4,Obese,Adult,85.5
46,79.1,198.4,20.1,female,muscle_gain,beginner,Strength Training,35,212.3,4,Normal,Middle-aged,71.7
39,109.9,182.9,32.85,female,muscle_gain,advanced,Strength Training,60,524.8,6,Obese,Adult,162.0
50,115.0,178.2,36.21,female,weight_loss,intermediate,Cardio + HIIT,52,538.2,5,Obese,Middle-aged,125.0
59,120.6,196.6,31.2,male,muscle_gain,beginner,Strength Training,43,369.5,4,Obese,Senior,87.5
60,91.3,179.3,28.4,female,weight_loss,advanced,Cardio + HIIT,64,496.7,6,Overweight,Senior,164.0
49,62.4,176.3,20.08,male,muscle_gain,advanced,Strength Training,73,343.5,6,Normal,Middle-aged,166.0
18,66.7,188.0,18.87,female,endurance,beginner,Running + Cycling,29,256.3,3,Normal,Young,73.1
52,70.1,185.6,20.35,male,weight_loss,advanced,Cardio + HIIT,75,467.9,6,Normal,Middle-aged,166.0
58,95.5,159.7,37.44,male,weight_loss,advanced,Cardio + HIIT,61,501.0,6,Obese,Senior,162.5
55,47.8,173.6,15.86,female,weight_loss,advanced,Cardio + HIIT,65,271.9,5,Underweight,Senior,158.7
41,99.1,173.6,32.88,male,muscle_gain,advanced,Strength Training,68,530.7,5,Obese,Middle-aged,166.0
38,76.0,168.9,26.64,male,general_fitness,intermediate,Mixed Training,60,401.3,5,Overweight,Adult,129.0
59,70.1,175.9,22.66,female,weight_loss,beginner,Cardio + HIIT,40,239.7,3,Normal,Senior,77.0
54,119.8,170.7,41.11,female,general_fitness,beginner,Mixed Training,42,405.9,3,Obese,Middle-aged,87.0
30,84.1,160.0,32.85,female,weight_loss,beginner,Cardio + HIIT,45,378.4,4,Obese,Adult,88.5
64,53.1,170.6,18.24,male,flexibility,intermediate,Yoga + Stretching,43,94.8,4,Underweight,Senior,97.0
19,115.3,153.6,48.87,female,muscle_gain,beginner,Strength Training,25,253.4,4,Obese,Young,70.8
44,49.0,178.8,15.33,male,endurance,beginner,Running + Cycling,39,222.2,4,Underweight,Middle-aged,74.7
37,106.8,192.7,28.76,male,muscle_gain,beginner,Strength Training,38,326.4,4,Overweight,Adult,84.6
40,110.8,186.3,31.92,female,muscle_gain,beginner,Strength Training,43,377.2,3,Obese,Middle-aged,87.5
28,75.0,168.0,26.57,female,flexibility,advanced,Yoga + Stretching,59,223.5,5,Overweight,Adult,150.8
33,115.1,154.4,48.28,male,flexibility,beginner,Yoga + Stretching,28,158.7,4,Obese,Adult,62.9
48,88.8,160.1,34.64,male,muscle_gain,intermediate,Strength Training,52,350.2,5,Obese,Middle-aged,125.0
31,84.4,177.3,26.85,male,weight_loss,intermediate,Cardio + HIIT,57,478.7,4,Overweight,Adult,127.5
60,48.9,160.4,19.01,male,weight_loss,beginner,Cardio + HIIT,36,149.6,4,Normal,Senior,66.0
57,69.7,177.2,22.2,male,flexibility,advanced,Yoga + Stretching,75,226.1,5,Normal,Senior,155.6
59,124.1,161.6,47.52,female,muscle_gain,intermediate,Strength Training,54,477.5,4,Obese,Senior,126.0
17,78.3,192.4,21.15,female,muscle_gain,beginner,Strength Training,33,229.3,3,Normal,Young,72.4
50,91.5,169.9,31.7,female,endurance,beginner,Running + Cycling,28,288.2,3,Obese,Middle-aged,75.8
57,90.2,162.3,34.24,male,general_fitness,beginner,Mixed Training,29,207.4,3,Obese,Senior,68.2
49,95.2,190.6,26.21,female,endurance,beginner,Running + Cycling,33,355.4,3,Overweight,Middle-aged,82.5
45,50.2,167.1,17.98,male,flexibility,beginner,Yoga + Stretching,37,85.9,4,Underweight,Middle-aged,60.1
28,75.8,155.6,31.31,male,flexibility,intermediate,Yoga + Stretching,49,187.6,5,Obese,Adult,109.3
28,106.5,178.5,33.43,male,muscle_gain,advanced,Strength Training,70,627.5,5,Obese,Adult,166.0
33,62.0,179.1,19.33,female,weight_loss,intermediate,Cardio + HIIT,52,317.6,4,Normal,Adult,123.8
47,62.3,185.7,18.07,female,flexibility,beginner,Yoga + Stretching,28,80.0,4,Underweight,Middle-aged,55.0
47,45.9,162.0,17.49,male,muscle_gain,beginner,Strength Training,45,157.5,4,Underweight,Middle-aged,71.2
50,82.2,172.2,27.72,male,general_fitness,intermediate,Mixed Training,52,352.6,5,Overweight,Middle-aged,125.0
54,120.0,164.1,44.56,male,weight_loss,beginner,Cardio + HIIT,45,475.2,4,Obese,Middle-aged,88.5
61,49.4,154.0,20.83,female,weight_loss,beginner,Cardio + HIIT,32,133.6,4,Normal,Senior,62.4
44,61.2,193.8,16.29,male,general_fitness,advanced,Mixed Training,67,349.6,6,Underweight,Middle-aged,165.5
64,71.4,186.4,20.55,male,endurance,beginner,Running + Cycling,39,288.9,4,Normal,Senior,81.4
44,107.2,165.1,39.33,female,muscle_gain,advanced,Strength Training,74,614.8,6,Obese,Middle-aged,166.0
59,99.5,180.0,30.71,male,flexibility,beginner,Yoga + Stretching,44,187.2,3,Obese,Senior,73.7
31,80.4,160.1,31.37,male,endurance,advanced,Running + Cycling,67,670.0,6,Obese,Adult,165.5
59,109.5,194.5,28.95,male,muscle_gain,intermediate,Strength Training,44,343.3,4,Overweight,Senior,121.0
62,96.8,155.7,39.93,female,weight_loss,intermediate,Cardio + HIIT,45,365.9,5,Obese,Senior,121.5
25,121.2,150.2,53.72,male,flexibility,beginner,Yoga + Stretching,29,180.1,4,Obese,Adult,65.5
45,114.5,175.1,37.35,female,general_fitness,advanced,Mixed Training,67,650.5,6,Obese,Middle-aged,165.5
40,66.5,179.2,20.71,female,weight_loss,advanced,Cardio + HIIT,59,372.7,6,Normal,Middle-aged,161.5
54,68.1,178.9,21.28,male,general_fitness,intermediate,Mixed Training,52,285.7,5,Normal,Middle-aged,120.6
35,55.7,152.7,23.89,male,general_fitness,intermediate,Mixed Training,59,293.7,4,Normal,Adult,124.9
20,73.6,165.7,26.81,male,muscle_gain,intermediate,Strength Training,47,302.7,5,Overweight,Young,119.8
16,130.0,175.0,42.45,male,endurance,beginner,Running + Cycling,33,573.8,3,Obese,Young,82.5
45,79.5,160.8,30.75,female,muscle_gain,intermediate,Strength Training,60,367.7,4,Obese,Middle-aged,129.0
64,63.7,193.6,17.0,female,weight_loss,advanced,Cardio + HIIT,73,386.0,6,Underweight,Senior,166.0
18,109.8,154.4,46.06,male,endurance,beginner,Running + Cycling,44,640.1,3,Obese,Young,88.0
60,91.1,174.4,29.95,male,general_fitness,beginner,Mixed Training,39,276.8,4,Overweight,Senior,80.2
29,57.7,184.6,16.93,male,endurance,intermediate,Running + Cycling,49,355.2,5,Underweight,Adult,123.5
45,77.4,163.1,29.1,male,muscle_gain,intermediate,Strength Training,50,298.3,5,Overweight,Middle-aged,120.8
19,80.2,181.2,24.43,female,weight_loss,beginner,Cardio + HIIT,29,245.4,3,Normal,Young,72.0
33,109.1,191.5,29.75,male,weight_loss,beginner,Cardio + HIIT,33,354.6,4,Overweight,Adult,82.5
52,46.8,159.5,18.4,female,muscle_gain,beginner,Strength Training,35,121.5,3,Underweight,Middle-aged,62.6
40,67.9,195.9,17.69,male,weight_loss,advanced,Cardio + HIIT,73,470.9,6,Underweight,Middle-aged,166.0
63,89.0,177.7,28.18,female,endurance,beginner,Running + Cycling,26,241.5,4,Overweight,Senior,70.2
16,67.9,165.0,24.94,female,muscle_gain,intermediate,Strength Training,45,272.4,4,Normal,Young,115.7
61,98.4,171.5,33.46,male,flexibility,beginner,Yoga + Stretching,45,187.1,3,Obese,Senior,74.2
30,86.0,165.6,31.36,male,muscle_gain,advanced,Strength Training,55,394.2,5,Obese,Adult,159.5
24,75.7,186.3,21.81,male,endurance,advanced,Running + Cycling,57,555.5,5,Normal,Young,160.5
30,125.7,189.8,34.89,male,muscle_gain,beginner,Strength Training,27,282.8,3,Obese,Adult,74.8
64,98.7,191.6,26.89,female,weight_loss,beginner,Cardio + HIIT,38,311.3,3,Overweight,Senior,83.1
39,56.0,199.3,14.1,female,weight_loss,advanced,Cardio + HIIT,74,395.8,6,Underweight,Adult,166.0
19,92.6,189.6,25.76,female,weight_loss,beginner,Cardio + HIIT,29,283.3,3,Overweight,Young,75.8
27,111.4,180.1,34.34,female,general_fitness,beginner,Mixed Training,41,425.0,4,Obese,Adult,86.5
52,105.2,167.0,37.72,male,weight_loss,advanced,Cardio + HIIT,69,646.0,6,Obese,Middle-aged,166.0
52,59.6,177.2,18.98,female,endurance,advanced,Running + Cycling,60,397.8,6,Normal,Middle-aged,162.0
58,127.7,152.1,55.2,female,general_fitness,intermediate,Mixed Training,53,533.6,5,Obese,Senior,125.5
21,83.1,187.2,23.71,male,flexibility,beginner,Yoga + Stretching,38,165.0,4,Normal,Young,68.5
54,58.5,172.3,19.71,male,weight_loss,beginner,Cardio + HIIT,41,211.1,3,Normal,Middle-aged,74.6
61,60.3,151.0,26.45,male,general_fitness,beginner,Mixed Training,32,149.5,4,Overweight,Senior,64.0
39,53.3,153.1,22.74,male,weight_loss,advanced,Cardio + HIIT,62,315.6,6,Normal,Adult,161.6
26,113.3,169.4,39.48,male,muscle_gain,advanced,Strength Training,73,703.0,6,Obese,Adult,166.0
28,55.4,179.2,17.25,female,general_fitness,advanced,Mixed Training,63,323.1,5,Underweight,Adult,162.8
49,55.6,173.2,18.53,female,endurance,beginner,Running + Cycling,35,220.1,3,Normal,Middle-aged,72.5
40,117.3,181.0,35.8,male,muscle_gain,intermediate,Strength Training,52,482.9,4,Obese,Middle-aged,125.0
22,74.3,174.0,24.54,male,weight_loss,beginner,Cardio + HIIT,37,285.9,3,Normal,Young,80.1
19,47.6,183.1,14.2,female,muscle_gain,beginner,Strength Training,43,179.9,4,Underweight,Young,72.5
23,49.4,161.0,19.06,female,muscle_gain,advanced,Strength Training,75,319.6,5,Normal,Young,165.0
35,57.1,155.6,23.58,male,muscle_gain,beginner,Strength Training,43,199.5,4,Normal,Adult,74.4
44,63.1,179.8,19.52,female,general_fitness,intermediate,Mixed Training,44,236.7,4,Normal,Middle-aged,111.7
60,101.5,174.2,33.45,female,general_fitness,intermediate,Mixed Training,55,435.0,4,Obese,Senior,126.5
61,58.4,151.3,25.51,female,general_fitness,advanced,Mixed Training,63,285.0,5,Overweight,Senior,159.0
25,55.1,169.0,19.29,male,muscle_gain,advanced,Strength Training,74,348.3,5,Normal,Adult,166.0
58,110.0,155.3,45.61,male,endurance,advanced,Running + Cycling,57,674.0,6,Obese,Senior,160.5
49,102.0,176.6,32.71,female,general_fitness,intermediate,Mixed Training,58,490.8,4,Obese,Middle-aged,128.0
41,82.0,169.8,28.44,male,general_fitness,beginner,Mixed Training,29,206.0,4,Overweight,Middle-aged,68.1
56,91.7,180.7,28.08,female,muscle_gain,intermediate,Strength Training,47,312.5,5,Overweight,Senior,120.8
64,71.5,190.3,19.74,male,weight_loss,intermediate,Cardio + HIIT,53,314.5,5,Normal,Senior,124.0
18,86.0,165.0,31.59,male,weight_loss,intermediate,Cardio + HIIT,42,382.9,5,Obese,Young,120.0
21,88.1,198.1,22.45,male,endurance,intermediate,Running + Cycling,52,598.4,5,Normal,Young,125.0
20,77.9,176.8,24.92,male,endurance,beginner,Running + Cycling,35,357.9,4,Normal,Young,83.5
20,122.1,180.9,37.31,female,flexibility,beginner,Yoga + Stretching,32,205.1,4,Obese,Young,69.5
62,46.4,184.0,13.71,male,weight_loss,beginner,Cardio + HIIT,43,167.6,3,Underweight,Senior,71.3
38,111.5,183.3,33.19,female,weight_loss,intermediate,Cardio + HIIT,49,524.5,5,Obese,Adult,123.5
64,55.6,175.5,18.05,female,muscle_gain,intermediate,Strength Training,57,219.2,4,Underweight,Senior,116.4
24,112.8,171.4,38.4,male,muscle_gain,intermediate,Strength Training,57,551.9,4,Obese,Young,127.5
50,97.4,152.7,41.77,female,weight_loss,beginner,Cardio + HIIT,31,271.7,4,Obese,Middle-aged,75.7
35,116.7,151.1,51.11,male,endurance,beginner,Running + Cycling,40,568.9,4,Obese,Adult,86.0
64,53.3,167.9,18.91,female,muscle_gain,advanced,Strength Training,60,221.2,5,Normal,Senior,151.1
57,92.5,166.7,33.29,female,endurance,advanced,Running + Cycling,70,700.1,5,Obese,Senior,166.0
50,87.6,169.4,30.53,male,muscle_gain,intermediate,Strength Training,55,361.4,5,Obese,Middle-aged,126.5
33,105.0,156.9,42.65,male,muscle_gain,intermediate,Strength Training,40,344.8,5,Obese,Adult,119.0
32,90.4,186.9,25.88,female,muscle_gain,beginner,Strength Training,43,320.7,3,Overweight,Adult,86.6
39,91.0,192.8,24.48,female,general_fitness,intermediate,Mixed Training,42,334.6,4,Normal,Adult,120.0
18,81.5,196.9,21.02,male,weight_loss,advanced,Cardio + HIIT,60,518.3,6,Normal,Young,162.0
47,71.3,174.6,23.39,female,flexibility,intermediate,Yoga + Stretching,43,140.3,4,Normal,Middle-aged,101.5
50,86.0,185.0,25.13,male,muscle_gain,intermediate,Strength Training,43,277.4,4,Overweight,Middle-aged,115.2
53,55.1,192.8,14.82,female,general_fitness,intermediate,Mixed Training,43,192.2,5,Underweight,Middle-aged,106.7
28,126.7,170.9,43.38,male,flexibility,intermediate,Yoga + Stretching,49,313.5,4,Obese,Adult,121.8
62,105.7,165.5,38.59,female,muscle_gain,intermediate,Strength Training,48,355.2,5,Obese,Senior,123.0
40,126.0,196.8,32.53,male,endurance,intermediate,Running + Cycling,47,703.2,5,Obese,Middle-aged,122.5
24,64.3,175.8,20.81,female,weight_loss,intermediate,Cardio + HIIT,58,384.1,5,Normal,Young,128.0
19,119.7,174.9,39.13,female,general_fitness,beginner,Mixed Training,41,474.6,3,Obese,Young,86.5
29,113.7,158.9,45.03,female,muscle_gain,advanced,Strength Training,71,676.1,6,Obese,Adult,166.0
52,102.6,155.4,42.49,female,muscle_gain,advanced,Strength Training,55,418.5,5,Obese,Middle-aged,159.5
49,98.1,192.1,26.58,male,endurance,beginner,Running + Cycling,44,488.3,4,Overweight,Middle-aged,88.0
26,71.9,180.7,22.02,female,flexibility,intermediate,Yoga + Stretching,53,194.3,5,Normal,Adult,111.9
56,114.4,166.3,41.37,female,weight_loss,beginner,Cardio + HIIT,44,437.9,3,Obese,Senior,88.0
18,87.6,159.6,34.39,female,endurance,beginner,Running + Cycling,35,406.2,3,Obese,Young,83.5
43,51.0,177.8,16.13,male,muscle_gain,beginner,Strength Training,27,107.3,3,Underweight,Middle-aged,57.2
44,71.6,179.2,22.3,male,muscle_gain,intermediate,Strength Training,47,260.8,5,Normal,Middle-aged,115.6
24,124.5,160.3,48.45,male,endurance,advanced,Running + Cycling,64,800.0,5,Obese,Young,164.0
18,117.3,192.6,31.62,male,muscle_gain,intermediate,Strength Training,56,580.2,5,Obese,Young,127.0
40,128.5,154.2,54.04,male,muscle_gain,intermediate,Strength Training,47,478.1,4,Obese,Middle-aged,122.5
49,98.4,167.8,34.95,female,flexibility,intermediate,Yoga + Stretching,40,178.1,5,Obese,Middle-aged,103.8
27,66.0,184.0,19.49,female,weight_loss,beginner,Cardio + HIIT,44,294.8,4,Normal,Adult,84.5
57,58.8,163.7,21.94,female,endurance,beginner,Running + Cycling,45,286.1,4,Normal,Senior,84.1
24,60.9,191.4,16.62,male,weight_loss,advanced,Cardio + HIIT,61,382.6,6,Underweight,Young,162.5
30,46.7,187.0,13.35,male,weight_loss,advanced,Cardio + HIIT,63,294.2,5,Underweight,Adult,159.9
55,78.2,189.5,21.78,female,weight_loss,intermediate,Cardio + HIIT,51,349.0,4,Normal,Senior,124.5
40,61.3,156.0,25.19,male,endurance,intermediate,Running + Cycling,48,349.4,5,Overweight,Middle-aged,123.0
20,80.0,157.0,32.46,male,endurance,advanced,Running + Cycling,74,777.0,6,Obese,Young,166.0
26,124.5,164.3,46.12,female,weight_loss,beginner,Cardio + HIIT,27,342.9,3,Obese,Adult,79.5
49,81.6,175.9,26.37,male,weight_loss,advanced,Cardio + HIIT,58,428.3,5,Overweight,Middle-aged,161.0
39,119.6,187.4,34.06,male,general_fitness,intermediate,Mixed Training,49,513.0,4,Obese,Adult,123.5
30,96.5,191.8,26.23,female,weight_loss,intermediate,Cardio + HIIT,43,415.0,4,Overweight,Adult,120.5
53,66.0,185.2,19.24,male,general_fitness,beginner,Mixed Training,33,176.7,3,Normal,Middle-aged,67.2
23,75.2,196.4,19.5,female,weight_loss,intermediate,Cardio + HIIT,40,311.3,4,Normal,Young,117.1
20,52.1,186.9,14.91,male,endurance,advanced,Running + Cycling,59,403.4,6,Underweight,Young,161.5
63,73.3,165.3,26.83,female,muscle_gain,beginner,Strength Training,33,168.3,3,Overweight,Senior,66.3
41,102.6,163.3,38.47,male,general_fitness,intermediate,Mixed Training,44,391.1,4,Obese,Middle-aged,121.0
33,51.1,184.8,14.96,female,endurance,beginner,Running + Cycling,30,188.8,4,Underweight,Adult,66.9
21,62.5,159.6,24.54,male,muscle_gain,advanced,Strength Training,73,397.3,5,Normal,Young,166.0
52,77.4,154.6,32.38,female,weight_loss,intermediate,Cardio + HIIT,47,323.8,4,Obese,Middle-aged,121.9
63,128.5,176.6,41.2,male,endurance,advanced,Running + Cycling,64,800.0,5,Obese,Senior,164.0
28,111.7,191.1,30.59,male,endurance,beginner,Running + Cycling,35,493.6,4,Obese,Adult,83.5
43,107.3,155.1,44.6,female,weight_loss,beginner,Cardio + HIIT,37,371.2,3,Obese,Middle-aged,84.5
20,54.9,189.6,15.27,male,weight_loss,beginner,Cardio + HIIT,44,253.6,4,Underweight,Young,80.4
28,111.4,190.6,30.66,male,flexibility,beginner,Yoga + Stretching,28,157.5,3,Obese,Adult,62.8
32,111.7,174.1,36.85,male,weight_loss,beginner,Cardio + HIIT,35,387.0,4,Obese,Adult,83.5
55,96.1,152.9,41.11,male,endurance,intermediate,Running + Cycling,51,536.1,4,Obese,Senior,124.5
60,129.2,158.7,51.3,male,muscle_gain,beginner,Strength Training,29,265.4,3,Obese,Senior,74.0
47,72.6,185.4,21.12,male,general_fitness,intermediate,Mixed Training,49,298.4,4,Normal,Middle-aged,120.3
44,125.0,185.6,36.29,male,general_fitness,beginner,Mixed Training,31,330.3,4,Obese,Middle-aged,81.5
18,122.8,194.9,32.33,female,general_fitness,intermediate,Mixed Training,60,715.9,4,Obese,Young,129.0
55,46.0,179.1,14.34,male,weight_loss,intermediate,Cardio + HIIT,48,193.2,4,Underweight,Senior,109.3
49,83.3,156.2,34.14,male,general_fitness,intermediate,Mixed Training,48,331.7,5,Obese,Middle-aged,123.0
55,128.1,156.1,52.57,female,weight_loss,advanced,Cardio + HIIT,64,717.4,6,Obese,Senior,164.0
42,53.8,186.1,15.53,female,endurance,beginner,Running + Cycling,34,214.9,4,Underweight,Middle-aged,71.5
28,91.6,159.2,36.14,male,muscle_gain,intermediate,Strength Training,41,316.1,4,Obese,Adult,118.1
60,128.2,166.4,46.3,male,weight_loss,intermediate,Cardio + HIIT,43,468.6,5,Obese,Senior,120.5
48,92.2,174.4,30.31,female,general_fitness,intermediate,Mixed Training,47,361.5,4,Obese,Middle-aged,122.5
21,61.1,151.2,26.73,male,weight_loss,intermediate,Cardio + HIIT,53,338.4,5,Overweight,Young,125.5
39,94.5,162.4,35.83,male,endurance,intermediate,Running + Cycling,56,631.7,5,Obese,Adult,127.0
34,62.4,170.4,21.49,male,flexibility,intermediate,Yoga + Stretching,52,159.0,4,Normal,Adult,107.9
31,89.2,164.0,33.16,female,flexibility,intermediate,Yoga + Stretching,60,266.3,4,Obese,Adult,122.6
55,51.3,156.8,20.87,male,weight_loss,advanced,Cardio + HIIT,72,323.2,5,Normal,Senior,165.3
43,96.5,186.4,27.77,female,muscle_gain,advanced,Strength Training,72,541.4,5,Overweight,Middle-aged,166.0
48,88.9,190.7,24.45,female,flexibility,beginner,Yoga + Stretching,37,149.7,4,Normal,Middle-aged,66.5
63,107.9,162.9,40.66,male,muscle_gain,beginner,Strength Training,32,240.3,4,Obese,Senior,73.0
56,98.6,188.7,27.69,female,muscle_gain,advanced,Strength Training,66,471.8,6,Overweight,Senior,165.0
28,91.7,169.3,31.99,male,weight_loss,advanced,Cardio + HIIT,75,694.6,5,Obese,Adult,166.0
58,103.6,175.3,33.71,female,muscle_gain,beginner,Strength Training,25,185.6,3,Obese,Senior,64.1
60,57.2,192.8,15.39,male,general_fitness,beginner,Mixed Training,44,196.1,4,Underweight,Senior,74.6
40,95.6,187.5,27.19,male,muscle_gain,advanced,Strength Training,72,544.9,6,Overweight,Middle-aged,166.0
57,59.6,190.3,16.46,male,endurance,intermediate,Running + Cycling,42,270.7,4,Underweight,Senior,114.1
51,123.7,156.8,50.31,male,muscle_gain,beginner,Strength Training,36,332.1,4,Obese,Middle-aged,84.0
42,50.8,153.5,21.56,male,muscle_gain,intermediate,Strength Training,58,230.8,5,Normal,Middle-aged,118.1
53,81.6,194.7,21.53,male,weight_loss,advanced,Cardio + HIIT,67,483.8,6,Normal,Middle-aged,165.5
22,104.1,169.4,36.28,male,weight_loss,advanced,Cardio + HIIT,64,692.9,5,Obese,Young,164.0
20,83.9,164.4,31.04,female,muscle_gain,intermediate,Strength Training,54,396.4,5,Obese,Young,126.0
58,52.8,186.2,15.23,male,endurance,intermediate,Running + Cycling,59,334.9,4,Underweight,Senior,128.5
60,92.0,191.8,25.01,female,muscle_gain,beginner,Strength Training,26,169.4,4,Overweight,Senior,62.9
46,99.5,193.1,26.68,male,muscle_gain,advanced,Strength Training,73,556.9,5,Overweight,Middle-aged,166.0
38,104.8,165.8,38.12,male,muscle_gain,beginner,Strength Training,27,226.4,4,Obese,Adult,69.1
57,76.7,192.6,20.68,male,weight_loss,advanced,Cardio + HIIT,68,451.1,6,Normal,Senior,166.0
25,92.9,152.0,40.21,male,general_fitness,beginner,Mixed Training,31,270.6,4,Obese,Adult,75.6
47,83.3,152.5,35.82,female,muscle_gain,advanced,Strength Training,62,393.8,5,Obese,Middle-aged,163.0
58,102.1,181.2,31.1,male,weight_loss,beginner,Cardio + HIIT,35,307.3,4,Obese,Senior,81.2
45,94.6,153.2,40.31,female,weight_loss,intermediate,Cardio + HIIT,59,516.3,5,Obese,Middle-aged,128.5
54,89.7,166.2,32.47,female,general_fitness,beginner,Mixed Training,30,217.1,3,Obese,Middle-aged,69.7
46,66.2,183.6,19.64,male,weight_loss,intermediate,Cardio + HIIT,50,304.5,4,Normal,Middle-aged,121.4
33,45.2,166.9,16.23,female,flexibility,advanced,Yoga + Stretching,71,158.1,6,Underweight,Adult,148.8
51,59.8,159.0,23.65,male,weight_loss,intermediate,Cardio + HIIT,49,262.3,5,Normal,Middle-aged,116.7
17,55.0,164.1,20.42,male,general_fitness,intermediate,Mixed Training,56,300.7,5,Normal,Young,124.1
29,83.2,172.9,27.83,female,general_fitness,beginner,Mixed Training,45,344.9,4,Overweight,Adult,88.5
28,97.0,173.8,32.11,male,endurance,advanced,Running + Cycling,56,685.8,6,Obese,Adult,160.0
44,63.1,189.2,17.63,male,weight_loss,intermediate,Cardio + HIIT,45,264.1,4,Underweight,Middle-aged,114.9
27,124.8,187.5,35.5,male,weight_loss,intermediate,Cardio + HIIT,44,557.4,5,Obese,Adult,121.0
54,45.6,172.8,15.27,male,muscle_gain,advanced,Strength Training,58,194.0,5,Underweight,Middle-aged,147.4
17,110.6,192.3,29.91,male,muscle_gain,intermediate,Strength Training,41,402.4,4,Overweight,Young,119.5
47,98.1,155.7,40.47,male,weight_loss,intermediate,Cardio + HIIT,51,457.8,5,Obese,Middle-aged,124.5
28,76.8,162.8,28.98,male,weight_loss,intermediate,Cardio + HIIT,42,325.8,4,Overweight,Adult,119.6
61,49.3,191.4,13.46,male,endurance,intermediate,Running + Cycling,45,234.3,5,Underweight,Senior,111.9
42,98.3,168.9,34.46,female,muscle_gain,advanced,Strength Training,68,523.6,5,Obese,Middle-aged,166.0
64,77.8,199.1,19.63,male,weight_loss,advanced,Cardio + HIIT,62,400.4,5,Normal,Senior,163.0
56,124.6,173.3,41.49,female,weight_loss,beginner,Cardio + HIIT,45,487.8,4,Obese,Senior,88.5
32,91.1,189.6,25.34,female,general_fitness,beginner,Mixed Training,45,372.0,4,Overweight,Adult,88.5
55,124.9,170.1,43.17,female,muscle_gain,beginner,Strength Training,38,346.1,3,Obese,Senior,85.0
46,63.7,171.2,21.73,female,flexibility,beginner,Yoga + Stretching,27,80.0,4,Normal,Middle-aged,54.5
49,106.7,169.1,37.31,male,muscle_gain,intermediate,Strength Training,55,442.6,5,Obese,Middle-aged,126.5
39,97.5,186.0,28.18,male,weight_loss,advanced,Cardio + HIIT,69,642.5,5,Overweight,Adult,166.0
60,107.8,177.4,34.25,male,muscle_gain,beginner,Strength Training,31,236.7,3,Obese,Senior,72.2
50,63.2,197.2,16.25,female,muscle_gain,intermediate,Strength Training,54,256.0,4,Underweight,Middle-aged,118.6
63,101.5,162.5,38.44,female,flexibility,advanced,Yoga + Stretching,67,283.9,6,Obese,Senior,160.9
21,87.3,155.0,36.34,male,endurance,advanced,Running + Cycling,60,684.2,6,Obese,Young,162.0
34,108.1,169.7,37.54,male,weight_loss,intermediate,Cardio + HIIT,54,572.1,5,Obese,Adult,126.0
45,72.8,180.8,22.27,female,general_fitness,advanced,Mixed Training,71,438.3,5,Normal,Middle-aged,166.0
22,120.7,193.0,32.4,male,muscle_gain,intermediate,Strength Training,43,449.8,5,Obese,Young,120.5
25,52.2,167.3,18.65,male,general_fitness,beginner,Mixed Training,38,186.4,3,Normal,Adult,70.6
56,113.6,182.7,34.03,male,general_fitness,beginner,Mixed Training,39,353.3,3,Obese,Senior,85.5
47,118.2,167.5,42.13,female,weight_loss,beginner,Cardio + HIIT,36,389.4,3,Obese,Middle-aged,84.0
49,114.5,180.9,34.99,male,muscle_gain,beginner,Strength Training,43,371.3,3,Obese,Middle-aged,87.5
43,88.6,194.2,23.49,male,muscle_gain,advanced,Strength Training,64,441.8,5,Normal,Middle-aged,164.0
30,82.3,161.6,31.51,female,endurance,advanced,Running + Cycling,60,617.2,5,Obese,Adult,162.0
45,129.7,170.2,44.77,male,muscle_gain,intermediate,Strength Training,48,479.9,4,Obese,Middle-aged,123.0
52,64.5,199.7,16.17,female,general_fitness,intermediate,Mixed Training,41,215.7,5,Underweight,Middle-aged,108.1
44,91.5,193.4,24.46,male,endurance,beginner,Running + Cycling,28,297.8,3,Normal,Middle-aged,76.8
37,102.0,178.2,32.12,male,weight_loss,intermediate,Cardio + HIIT,48,472.5,5,Obese,Adult,123.0
19,104.6,175.8,33.84,female,weight_loss,advanced,Cardio + HIIT,69,761.4,6,Obese,Young,166.0
35,62.3,164.2,23.11,female,endurance,beginner,Running + Cycling,37,280.9,4,Normal,Adult,79.6
47,100.6,175.9,32.51,male,weight_loss,beginner,Cardio + HIIT,44,405.0,4,Obese,Middle-aged,88.0
51,114.6,192.4,30.96,male,flexibility,intermediate,Yoga + Stretching,47,241.0,5,Obese,Middle-aged,113.6
19,49.3,184.3,14.51,female,muscle_gain,intermediate,Strength Training,58,251.4,4,Underweight,Young,120.1
42,122.5,164.5,45.27,male,muscle_gain,intermediate,Strength Training,58,556.6,5,Obese,Middle-aged,128.0
32,47.5,160.1,18.53,female,weight_loss,intermediate,Cardio + HIIT,55,258.6,5,Normal,Adult,119.4
27,75.3,163.3,28.24,female,endurance,intermediate,Running + Cycling,50,477.7,5,Overweight,Adult,124.0
37,46.3,158.5,18.43,male,weight_loss,beginner,Cardio + HIIT,34,151.9,3,Underweight,Adult,65.2
32,51.6,154.8,21.53,female,flexibility,beginner,Yoga + Stretching,32,81.7,4,Normal,Adult,57.2
25,122.4,171.0,41.86,male,muscle_gain,intermediate,Strength Training,40,418.2,5,Obese,Adult,119.0
16,75.2,155.7,31.02,female,flexibility,advanced,Yoga + Stretching,64,257.5,6,Obese,Young,156.8
37,81.1,158.6,32.24,male,endurance,advanced,Running + Cycling,72,704.4,6,Obese,Adult,166.0
41,63.3,177.4,20.11,female,weight_loss,advanced,Cardio + HIIT,57,341.0,5,Normal,Middle-aged,160.5
33,95.8,158.2,38.28,female,flexibility,intermediate,Yoga + Stretching,50,235.9,5,Obese,Adult,114.6
29,95.6,153.2,40.73,female,weight_loss,intermediate,Cardio + HIIT,57,547.6,4,Obese,Adult,127.5
62,76.6,165.9,27.83,female,muscle_gain,intermediate,Strength Training,42,225.2,4,Overweight,Senior,109.5
44,73.3,161.0,28.28,male,weight_loss,advanced,Cardio + HIIT,62,422.6,6,Overweight,Middle-aged,163.0
27,120.2,175.8,38.89,male,flexibility,beginner,Yoga + Stretching,38,231.8,4,Obese,Adult,75.2
51,77.6,155.1,32.26,female,general_fitness,intermediate,Mixed Training,45,286.5,4,Obese,Middle-aged,117.2
50,86.9,187.6,24.69,female,endurance,intermediate,Running + Cycling,54,527.9,5,Normal,Middle-aged,126.0
27,69.1,195.3,18.12,female,muscle_gain,intermediate,Strength Training,53,309.8,5,Underweight,Adult,123.5
22,111.9,187.2,31.93,female,flexibility,beginner,Yoga + Stretching,31,180.4,4,Obese,Young,66.5
44,78.8,176.6,25.27,male,weight_loss,intermediate,Cardio + HIIT,49,359.1,4,Overweight,Middle-aged,123.5
26,88.7,193.0,23.81,male,general_fitness,advanced,Mixed Training,69,572.2,5,Normal,Adult,166.0
48,66.5,184.7,19.49,male,weight_loss,intermediate,Cardio + HIIT,49,296.5,5,Normal,Middle-aged,120.2
21,129.0,150.5,56.95,female,general_fitness,advanced,Mixed Training,71,800.0,6,Obese,Young,166.0
62,69.8,169.7,24.24,male,endurance,beginner,Running + Cycling,43,315.1,3,Normal,Senior,86.0
30,110.5,192.5,29.82,female,flexibility,advanced,Yoga + Stretching,71,392.3,5,Overweight,Adult,166.0
47,81.3,167.3,29.05,male,endurance,intermediate,Running + Cycling,51,474.2,4,Overweight,Middle-aged,124.5
26,62.5,151.8,27.12,male,muscle_gain,intermediate,Strength Training,54,286.9,4,Overweight,Adult,121.7
38,113.0,187.3,32.21,male,endurance,beginner,Running + Cycling,36,488.2,3,Obese,Adult,84.0
41,73.4,190.1,20.31,male,weight_loss,beginner,Cardio + HIIT,33,228.9,3,Normal,Middle-aged,72.4
49,118.5,158.0,47.47,female,endurance,intermediate,Running + Cycling,44,589.8,4,Obese,Middle-aged,121.0
61,122.8,176.9,39.24,male,endurance,intermediate,Running + Cycling,43,557.7,5,Obese,Senior,120.5
49,118.1,159.6,46.36,male,general_fitness,intermediate,Mixed Training,51,499.7,4,Obese,Middle-aged,124.5
44,48.0,186.0,13.87,male,muscle_gain,beginner,Strength Training,40,148.8,3,Underweight,Middle-aged,67.9
19,111.9,163.6,41.81,female,weight_loss,advanced,Cardio + HIIT,63,743.7,6,Obese,Young,163.5
32,80.0,165.8,29.1,female,muscle_gain,advanced,Strength Training,57,376.2,6,Overweight,Adult,160.5
50,119.3,192.2,32.29,male,endurance,beginner,Running + Cycling,45,604.0,4,Obese,Middle-aged,88.5
28,99.2,173.8,32.84,female,weight_loss,intermediate,Cardio + HIIT,42,420.8,4,Obese,Adult,120.0
56,115.9,183.5,34.42,male,weight_loss,advanced,Cardio + HIIT,72,726.0,5,Obese,Senior,166.0
54,87.5,170.1,30.24,male,flexibility,intermediate,Yoga + Stretching,56,215.6,5,Obese,Middle-aged,115.6
30,90.5,164.9,33.28,female,endurance,beginner,Running + Cycling,34,384.6,4,Obese,Adult,83.0
44,57.3,181.3,17.43,male,muscle_gain,intermediate,Strength Training,41,182.1,5,Underweight,Middle-aged,104.7
44,111.6,157.7,44.87,female,muscle_gain,beginner,Strength Training,35,302.7,3,Obese,Middle-aged,80.8
26,80.6,168.6,28.35,male,endurance,beginner,Running + Cycling,27,277.5,4,Overweight,Adult,74.2
47,87.5,160.5,33.97,female,weight_loss,beginner,Cardio + HIIT,26,208.2,3,Obese,Middle-aged,66.8
17,111.7,184.8,32.71,male,endurance,intermediate,Running + Cycling,48,713.8,4,Obese,Young,123.0
62,95.9,197.2,24.66,female,weight_loss,beginner,Cardio + HIIT,43,346.4,3,Normal,Senior,87.5
29,62.1,199.8,15.56,female,general_fitness,advanced,Mixed Training,56,320.4,5,Underweight,Adult,159.0
35,95.2,172.5,31.99,male,muscle_gain,beginner,Strength Training,43,332.6,4,Obese,Adult,87.5
37,79.6,162.6,30.11,male,muscle_gain,beginner,Strength Training,26,166.4,4,Obese,Adult,62.6
26,84.9,172.1,28.66,male,endurance,intermediate,Running + Cycling,54,584.5,5,Overweight,Adult,126.0
42,47.4,192.4,12.8,female,endurance,beginner,Running + Cycling,45,250.6,3,Underweight,Middle-aged,80.6
18,62.9,160.3,24.48,male,weight_loss,intermediate,Cardio + HIIT,42,280.0,5,Normal,Young,115.0
32,68.9,197.6,17.65,male,flexibility,beginner,Yoga + Stretching,29,98.9,3,Underweight,Adult,57.4
59,105.6,167.1,37.82,female,weight_loss,beginner,Cardio + HIIT,35,316.0,3,Obese,Senior,82.1
43,46.0,199.3,11.58,male,general_fitness,beginner,Mixed Training,31,122.2,3,Underweight,Middle-aged,60.7
44,79.7,191.9,21.64,female,flexibility,intermediate,Yoga + Stretching,45,166.8,5,Normal,Middle-aged,105.2
36,123.5,190.4,34.07,male,muscle_gain,beginner,Strength Training,38,379.4,3,Obese,Adult,85.0
62,54.5,165.9,19.8,male,flexibility,advanced,Yoga + Stretching,55,125.9,5,Normal,Senior,139.1
31,88.9,150.4,39.3,female,muscle_gain,intermediate,Strength Training,56,412.8,5,Obese,Adult,127.0
52,111.9,169.1,39.13,female,weight_loss,intermediate,Cardio + HIIT,56,557.7,5,Obese,Middle-aged,127.0
35,125.1,165.1,45.89,male,general_fitness,intermediate,Mixed Training,53,592.6,5,Obese,Adult,125.5
21,108.5,151.9,47.02,male,endurance,intermediate,Running + Cycling,49,694.5,4,Obese,Young,123.5
34,106.2,175.3,34.56,male,muscle_gain,advanced,Strength Training,62,537.7,5,Obese,Adult,163.0
20,115.3,170.2,39.8,male,muscle_gain,beginner,Strength Training,32,322.8,4,Obese,Young,81.3
18,82.9,181.7,25.11,male,muscle_gain,beginner,Strength Training,38,278.3,3,Overweight,Young,79.8
16,113.5,181.1,34.61,male,general_fitness,beginner,Mixed Training,31,345.1,3,Obese,Young,81.5
53,45.7,156.0,18.78,female,weight_loss,beginner,Cardio + HIIT,30,121.3,4,Normal,Middle-aged,60.1
30,123.6,198.8,31.27,female,muscle_gain,beginner,Strength Training,28,288.4,4,Obese,Adult,75.8
49,82.7,159.3,32.59,male,muscle_gain,intermediate,Strength Training,40,249.5,5,Obese,Middle-aged,111.0
50,92.0,172.3,30.99,male,muscle_gain,intermediate,Strength Training,54,372.6,5,Obese,Middle-aged,126.0
64,66.7,174.4,21.93,male,muscle_gain,advanced,Strength Training,69,318.3,6,Normal,Senior,164.8
40,108.1,190.7,29.73,male,weight_loss,beginner,Cardio + HIIT,25,256.7,4,Overweight,Middle-aged,71.2
39,51.5,155.0,21.44,female,weight_loss,beginner,Cardio + HIIT,44,216.4,4,Normal,Adult,76.6
27,119.2,171.4,40.57,female,weight_loss,advanced,Cardio + HIIT,57,689.6,6,Obese,Adult,160.5
33,115.4,181.4,35.07,female,general_fitness,advanced,Mixed Training,59,614.8,5,Obese,Adult,161.5
30,63.4,160.8,24.52,female,weight_loss,intermediate,Cardio + HIIT,44,279.0,4,Normal,Adult,115.9
59,113.8,181.4,34.58,male,flexibility,intermediate,Yoga + Stretching,43,209.2,4,Obese,Senior,108.4
31,111.8,196.2,29.04,male,flexibility,advanced,Yoga + Stretching,71,394.9,5,Overweight,Adult,166.0
42,98.7,199.9,24.7,female,flexibility,intermediate,Yoga + Stretching,60,278.3,4,Normal,Middle-aged,123.8
23,76.7,151.6,33.37,male,general_fitness,beginner,Mixed Training,44,320.2,3,Obese,Young,87.0
61,68.1,161.8,26.01,female,weight_loss,advanced,Cardio + HIIT,68,391.3,5,Overweight,Senior,166.0
40,64.7,165.5,23.62,female,weight_loss,intermediate,Cardio + HIIT,47,288.9,4,Normal,Middle-aged,118.4
32,72.1,170.0,24.95,female,muscle_gain,beginner,Strength Training,26,154.7,3,Normal,Adult,61.5
44,121.8,162.1,46.35,male,weight_loss,intermediate,Cardio + HIIT,47,532.4,4,Obese,Middle-aged,122.5
23,51.6,160.2,20.11,male,endurance,intermediate,Running + Cycling,40,267.0,4,Normal,Young,112.7
30,115.5,197.7,29.55,female,endurance,advanced,Running + Cycling,58,800.0,6,Overweight,Adult,161.0
42,74.7,195.9,19.46,female,general_fitness,beginner,Mixed Training,43,276.8,3,Normal,Middle-aged,82.2
61,89.3,152.3,38.5,female,weight_loss,advanced,Cardio + HIIT,59,445.2,6,Obese,Senior,161.5
22,112.5,166.9,40.39,female,general_fitness,intermediate,Mixed Training,44,471.9,4,Obese,Young,121.0
18,120.2,170.3,41.45,male,weight_loss,intermediate,Cardio + HIIT,60,764.5,5,Obese,Young,129.0
44,74.3,162.0,28.31,male,muscle_gain,beginner,Strength Training,44,253.4,3,Overweight,Middle-aged,80.3
59,84.3,181.4,25.62,male,muscle_gain,intermediate,Strength Training,58,348.4,5,Overweight,Senior,128.0
39,80.2,182.0,24.21,male,flexibility,advanced,Yoga + Stretching,66,252.8,5,Normal,Adult,157.3
18,46.1,192.5,12.44,female,muscle_gain,beginner,Strength Training,44,179.2,4,Underweight,Young,72.9
35,70.2,187.0,20.07,female,general_fitness,beginner,Mixed Training,25,156.9,3,Normal,Adult,61.2
61,84.0,177.1,26.78,male,general_fitness,intermediate,Mixed Training,46,299.3,5,Overweight,Senior,118.9
30,79.9,182.7,23.94,male,general_fitness,advanced,Mixed Training,71,520.0,5,Normal,Adult,166.0
40,106.4,163.7,39.7,male,weight_loss,beginner,Cardio + HIIT,26,262.8,4,Obese,Middle-aged,72.3
45,77.7,179.7,24.06,female,general_fitness,intermediate,Mixed Training,50,329.4,5,Normal,Middle-aged,123.9
29,86.6,174.5,28.44,male,flexibility,intermediate,Yoga + Stretching,46,200.2,5,Overweight,Adult,109.0
22,81.5,156.7,33.19,male,weight_loss,beginner,Cardio + HIIT,41,347.5,4,Obese,Young,86.5
32,108.0,162.1,41.1,male,weight_loss,intermediate,Cardio + HIIT,42,449.1,5,Obese,Adult,120.0
59,118.4,164.6,43.7,male,weight_loss,beginner,Cardio + HIIT,30,303.7,4,Obese,Senior,78.4
35,90.2,196.2,23.43,female,weight_loss,advanced,Cardio + HIIT,65,571.6,6,Normal,Adult,164.5
51,112.1,161.5,42.98,male,muscle_gain,intermediate,Strength Training,57,476.6,5,Obese,Middle-aged,127.5
24,70.2,164.5,25.94,male,general_fitness,intermediate,Mixed Training,57,377.8,4,Overweight,Young,127.5
53,91.0,168.5,32.05,male,muscle_gain,beginner,Strength Training,34,228.2,3,Obese,Middle-aged,72.8
63,74.3,183.2,22.14,male,muscle_gain,beginner,Strength Training,29,149.9,3,Normal,Senior,62.5
37,80.2,155.9,33.0,female,general_fitness,advanced,Mixed Training,75,532.1,6,Obese,Adult,166.0
17,107.3,197.7,27.45,male,weight_loss,intermediate,Cardio + HIIT,54,617.1,5,Overweight,Young,126.0
39,119.9,193.3,32.09,male,general_fitness,intermediate,Mixed Training,60,629.8,4,Obese,Adult,129.0
23,55.3,178.9,17.28,female,muscle_gain,intermediate,Strength Training,59,281.4,4,Underweight,Young,123.6
26,98.9,183.7,29.31,male,endurance,intermediate,Running + Cycling,43,542.2,5,Overweight,Adult,120.5
28,94.5,150.8,41.56,female,muscle_gain,beginner,Strength Training,45,357.9,4,Obese,Adult,88.5
32,55.1,166.9,19.78,male,endurance,beginner,Running + Cycling,45,306.8,3,Normal,Adult,86.2
23,63.0,189.8,17.49,male,weight_loss,beginner,Cardio + HIIT,25,163.0,4,Underweight,Young,61.8
36,71.4,153.9,30.15,female,flexibility,advanced,Yoga + Stretching,69,238.9,5,Obese,Adult,156.9
33,59.2,164.1,21.98,female,weight_loss,beginner,Cardio + HIIT,41,239.1,4,Normal,Adult,77.4
45,65.7,179.3,20.44,female,general_fitness,beginner,Mixed Training,43,239.5,3,Normal,Middle-aged,78.4
33,67.7,162.8,25.54,male,muscle_gain,advanced,Strength Training,68,377.9,5,Overweight,Adult,166.0
61,73.5,196.7,19.0,male,weight_loss,beginner,Cardio + HIIT,43,267.1,4,Normal,Senior,81.2
62,108.7,156.6,44.32,male,endurance,intermediate,Running + Cycling,57,650.6,4,Obese,Senior,127.5
46,93.6,189.9,25.96,male,weight_loss,beginner,Cardio + HIIT,26,223.9,4,Overweight,Middle-aged,68.4
53,128.8,175.4,41.87,female,flexibility,beginner,Yoga + Stretching,30,171.0,4,Obese,Middle-aged,65.1
47,80.3,187.5,22.84,male,general_fitness,intermediate,Mixed Training,52,350.2,5,Normal,Middle-aged,125.0
26,109.1,165.5,39.83,male,flexibility,beginner,Yoga + Stretching,41,228.1,4,Obese,Adult,76.3
60,119.1,175.7,38.58,female,weight_loss,advanced,Cardio + HIIT,60,607.4,6,Obese,Senior,162.0
40,102.7,192.8,27.63,male,endurance,intermediate,Running + Cycling,60,731.7,4,Overweight,Middle-aged,129.0
48,80.0,173.3,26.64,female,endurance,beginner,Running + Cycling,29,263.9,4,Overweight,Middle-aged,73.9
53,109.1,168.0,38.66,male,flexibility,beginner,Yoga + Stretching,31,149.7,4,Obese,Middle-aged,63.5
56,62.3,176.8,19.93,male,weight_loss,intermediate,Cardio + HIIT,40,216.8,4,Normal,Senior,107.7
23,72.8,185.9,21.07,female,muscle_gain,beginner,Strength Training,37,232.3,4,Normal,Young,74.7
26,91.5,172.2,30.86,male,muscle_gain,beginner,Strength Training,43,334.4,3,Obese,Adult,87.5
37,93.9,196.9,24.22,male,weight_loss,intermediate,Cardio + HIIT,40,362.5,5,Normal,Adult,119.0
39,46.9,164.7,17.29,female,muscle_gain,advanced,Strength Training,67,250.1,5,Underweight,Adult,157.5
56,125.3,173.8,41.48,female,muscle_gain,intermediate,Strength Training,50,454.2,5,Obese,Senior,124.0
32,104.2,187.8,29.54,female,flexibility,intermediate,Yoga + Stretching,46,237.3,5,Overweight,Adult,112.7
27,87.1,184.5,25.59,female,general_fitness,advanced,Mixed Training,74,599.7,6,Overweight,Adult,166.0
61,124.3,193.2,33.3,male,endurance,beginner,Running + Cycling,27,354.5,4,Obese,Senior,79.5
47,82.3,199.8,20.62,female,muscle_gain,advanced,Strength Training,55,345.1,6,Normal,Middle-aged,159.5
30,128.3,171.3,43.72,female,weight_loss,advanced,Cardio + HIIT,62,795.5,5,Obese,Adult,163.0
31,88.5,155.6,36.55,male,general_fitness,beginner,Mixed Training,41,330.9,3,Obese,Adult,86.5
37,54.7,151.5,23.83,female,general_fitness,advanced,Mixed Training,67,324.2,6,Normal,Adult,164.9
43,110.0,186.3,31.69,male,general_fitness,beginner,Mixed Training,38,358.3,3,Obese,Middle-aged,85.0
35,102.7,193.7,27.37,male,flexibility,beginner,Yoga + Stretching,29,145.2,4,Overweight,Adult,62.0
48,110.7,161.0,42.71,female,muscle_gain,advanced,Strength Training,60,503.7,6,Obese,Middle-aged,162.0
25,125.9,157.9,50.5,male,flexibility,intermediate,Yoga + Stretching,45,290.4,5,Obese,Adult,117.5
55,111.0,153.1,47.36,male,muscle_gain,beginner,Strength Training,45,364.2,3,Obese,Senior,88.5
47,97.0,191.1,26.56,male,muscle_gain,beginner,Strength Training,32,236.7,4,Overweight,Middle-aged,72.7
48,117.9,165.6,42.99,female,endurance,advanced,Running + Cycling,67,800.0,5,Obese,Middle-aged,165.5
17,102.2,170.1,35.32,male,weight_loss,advanced,Cardio + HIIT,72,783.7,6,Obese,Young,166.0
48,79.7,175.1,25.99,male,weight_loss,intermediate,Cardio + HIIT,43,311.9,5,Overweight,Middle-aged,118.7
48,120.3,192.0,32.63,female,muscle_gain,advanced,Strength Training,71,647.7,5,Obese,Middle-aged,166.0
56,63.9,182.5,19.19,female,muscle_gain,beginner,Strength Training,29,134.3,4,Normal,Senior,60.9
28,105.7,180.8,32.34,male,general_fitness,beginner,Mixed Training,27,264.2,3,Obese,Adult,72.9
45,119.9,158.8,47.55,female,weight_loss,intermediate,Cardio + HIIT,43,476.9,5,Obese,Middle-aged,120.5
48,107.2,175.7,34.73,female,weight_loss,advanced,Cardio + HIIT,59,575.6,6,Obese,Middle-aged,161.5
28,104.3,185.8,30.21,female,weight_loss,beginner,Cardio + HIIT,38,400.3,4,Obese,Adult,85.0
41,109.0,198.7,27.61,male,weight_loss,beginner,Cardio + HIIT,39,401.7,3,Overweight,Middle-aged,85.5
37,84.5,160.1,32.97,female,weight_loss,advanced,Cardio + HIIT,74,603.4,6,Obese,Adult,166.0
54,119.3,150.5,52.67,male,endurance,advanced,Running + Cycling,71,800.0,5,Obese,Middle-aged,166.0
17,62.3,153.8,26.34,male,muscle_gain,intermediate,Strength Training,45,248.8,5,Overweight,Young,113.4
53,55.8,168.8,19.58,male,flexibility,beginner,Yoga + Stretching,34,84.0,4,Normal,Middle-aged,58.4
54,69.3,191.0,19.0,female,general_fitness,advanced,Mixed Training,70,391.3,5,Normal,Middle-aged,166.0
41,90.2,150.4,39.88,male,endurance,advanced,Running + Cycling,71,756.5,6,Obese,Middle-aged,166.0
61,88.4,172.8,29.6,male,weight_loss,intermediate,Cardio + HIIT,53,395.9,5,Overweight,Senior,125.5
30,114.8,166.5,41.41,female,weight_loss,advanced,Cardio + HIIT,74,800.0,5,Obese,Adult,166.0
49,79.4,152.6,34.1,female,general_fitness,advanced,Mixed Training,66,434.7,5,Obese,Middle-aged,165.0
57,86.2,172.5,28.97,female,muscle_gain,advanced,Strength Training,63,391.5,5,Overweight,Senior,163.5
59,46.1,162.7,17.42,male,flexibility,advanced,Yoga + Stretching,69,136.0,6,Underweight,Senior,146.6
64,79.8,167.6,28.41,male,general_fitness,intermediate,Mixed Training,51,309.6,4,Overweight,Senior,122.5
55,100.1,185.3,29.15,female,general_fitness,intermediate,Mixed Training,53,425.5,4,Overweight,Senior,125.5
26,46.3,176.1,14.93,male,general_fitness,intermediate,Mixed Training,57,246.8,5,Underweight,Adult,119.2
18,68.9,156.2,28.24,female,endurance,intermediate,Running + Cycling,59,538.6,4,Overweight,Young,128.5
21,62.7,198.1,15.98,male,muscle_gain,advanced,Strength Training,60,327.6,5,Underweight,Young,161.8
24,48.6,181.8,14.7,female,general_fitness,advanced,Mixed Training,58,266.1,6,Underweight,Young,154.6
21,85.7,188.3,24.17,male,muscle_gain,intermediate,Strength Training,51,380.6,4,Normal,Young,124.5
24,60.4,154.0,25.47,male,weight_loss,intermediate,Cardio + HIIT,52,323.5,5,Overweight,Young,124.4
54,108.2,152.4,46.59,female,endurance,intermediate,Running + Cycling,58,690.3,4,Obese,Middle-aged,128.0
46,117.1,151.0,51.36,male,endurance,intermediate,Running + Cycling,52,700.3,4,Obese,Middle-aged,125.0
47,91.4,159.4,35.97,male,general_fitness,intermediate,Mixed Training,51,391.0,5,Obese,Middle-aged,124.5
56,128.4,170.7,44.07,female,endurance,beginner,Running + Cycling,44,614.4,3,Obese,Senior,88.0
27,83.3,196.8,21.51,male,muscle_gain,intermediate,Strength Training,42,295.9,5,Normal,Adult,116.6
23,88.6,172.9,29.64,male,general_fitness,beginner,Mixed Training,27,227.0,3,Overweight,Young,69.2
23,129.1,164.5,47.71,male,flexibility,beginner,Yoga + Stretching,38,253.9,3,Obese,Young,77.4
43,64.7,178.1,20.4,male,endurance,advanced,Running + Cycling,72,544.5,6,Normal,Middle-aged,166.0
35,125.1,155.6,51.67,male,weight_loss,beginner,Cardio + HIIT,43,524.5,4,Obese,Adult,87.5
62,48.6,180.5,14.92,female,muscle_gain,beginner,Strength Training,34,115.7,3,Underweight,Senior,61.6
22,82.9,178.4,26.05,female,endurance,beginner,Running + Cycling,41,441.9,3,Overweight,Young,86.5
26,51.0,189.6,14.19,male,weight_loss,beginner,Cardio + HIIT,39,202.9,3,Underweight,Adult,72.8
35,107.0,199.3,26.94,male,weight_loss,advanced,Cardio + HIIT,73,761.6,6,Overweight,Adult,166.0
31,96.7,162.5,36.62,female,endurance,intermediate,Running + Cycling,48,577.3,5,Obese,Adult,123.0
19,105.1,175.5,34.12,female,muscle_gain,advanced,Strength Training,58,535.9,5,Obese,Young,161.0
21,76.8,195.4,20.11,male,muscle_gain,beginner,Strength Training,39,260.8,3,Normal,Young,78.6
37,76.4,189.3,21.32,female,weight_loss,beginner,Cardio + HIIT,43,317.0,3,Normal,Adult,86.2
41,48.9,174.4,16.08,female,muscle_gain,beginner,Strength Training,40,154.0,4,Underweight,Middle-aged,68.4
18,74.7,197.3,19.19,male,flexibility,intermediate,Yoga + Stretching,47,186.1,4,Normal,Young,108.1
56,124.0,152.9,53.04,male,weight_loss,intermediate,Cardio + HIIT,56,604.1,5,Obese,Senior,127.0
57,77.2,196.5,19.99,male,weight_loss,advanced,Cardio + HIIT,75,500.8,6,Normal,Senior,166.0
29,115.7,152.5,49.75,female,endurance,intermediate,Running + Cycling,40,581.4,4,Obese,Adult,119.0
26,116.6,177.4,37.05,female,general_fitness,intermediate,Mixed Training,46,501.5,5,Obese,Adult,122.0
33,76.7,194.5,20.27,female,endurance,advanced,Running + Cycling,75,708.3,6,Normal,Adult,166.0
27,98.7,163.1,37.1,male,weight_loss,advanced,Cardio + HIIT,72,721.3,5,Obese,Adult,166.0
38,53.1,173.6,17.62,female,muscle_gain,beginner,Strength Training,36,152.9,3,Underweight,Adult,66.3
27,53.8,166.2,19.48,female,general_fitness,beginner,Mixed Training,40,200.2,3,Normal,Adult,73.0
28,49.1,197.6,12.57,female,weight_loss,intermediate,Cardio + HIIT,40,198.4,4,Underweight,Adult,105.8
